root,rootCategory,familyName,familyFilePath,categoryName,RenameDirectives_Existing.HostFilePath,RenameDirectives_Existing.New FamilyName
Bulkhead Fill,Detail Items,Bulkhead Fill,\\bvn\data\studio\SharedAssets\Revit\RevitContent\CentralHealthLibrary\_Kinship\_Health Families Components\Detail Items\Bulkhead Fill.rfa,Detail Items,P:\19\1903020.000\Design\BIM\_Revit\2.0 Project Library\_ToBeSorted\Detail Items\Bulkhead Fill.rfa,Bulkhead_Fill_DCO
Ceiling Hoist_450kg_Graphic,Detail Items,Ceiling Hoist_450kg_Graphic,\\bvn\data\studio\SharedAssets\Revit\RevitContent\CentralHealthLibrary\_Kinship\_Health Families Components\Detail Items\Ceiling Hoist_450kg_Graphic.rfa,Detail Items,P:\19\1903020.000\Design\BIM\_Revit\2.0 Project Library\_ToBeSorted\Detail Items\Ceiling Hoist_450kg_Graphic.rfa,CeilingHoist_Plan_DCO
Film_Symbol,Detail Items,Film_Symbol,\\bvn\data\studio\SharedAssets\Revit\RevitContent\CentralHealthLibrary\_Kinship\_Health Families Components\Detail Items\Film_Symbol.rfa,Detail Items,P:\19\1903020.000\Design\BIM\_Revit\2.0 Project Library\_ToBeSorted\Detail Items\Film_Symbol.rfa,Word_Film_DCO
Castor,Furniture,Castor,\\bvn\data\studio\SharedAssets\Revit\RevitContent\CentralHealthLibrary\_Kinship\_Health Families Components\Furniture\Castor.rfa,Furniture,,Castor_Wheels_FUR
0811_SINK_FLUSHING RIM_BASE,Plumbing Fixtures,0811_SINK_FLUSHING RIM_BASE,\\bvn\data\studio\SharedAssets\Revit\RevitContent\CentralHealthLibrary\_Kinship\_Health Families Components\Plumbing Fixtures\0811_SINK_FLUSHING RIM_BASE.rfa,Plumbing Fixtures,,Sink_Flushing_PLU
Chair_-_ZK_lounge_5434,Furniture,Chair_-_ZK_lounge_5434,\\bvn\data\studio\SharedAssets\Revit\RevitContent\CentralHealthLibrary\_Kinship\_Health Families Components\Furniture\Chair_-_ZK_lounge_5434.rfa,Furniture,,Chair_Lounge_800W_740D_800H_FUR
34188_743500W_BK_File_Rfa_149372_ori_2016May24085228,Plumbing Fixtures,34188_743500W_BK_File_Rfa_149372_ori_2016May24085228,\\bvn\data\studio\SharedAssets\Revit\RevitContent\CentralHealthLibrary\_Kinship\_Health Families Components\Plumbing Fixtures\34188_743500W_BK_File_Rfa_149372_ori_2016May24085228.rfa,Plumbing Fixtures,,Toilet_Suite_ExposedCistern_FaceBased_PLU
FRH190,Furniture,FRH190,\\bvn\data\studio\SharedAssets\Revit\RevitContent\CentralHealthLibrary\_Kinship\_Health Families Components\Furniture\FRH190.rfa,Furniture,,BanquetteSeat_1900W_790D_1250H_Jardan_FUR
43854_Basin-Wall-Caroma Care 600,Plumbing Fixtures,43854_Basin-Wall-Caroma Care 600,\\bvn\data\studio\SharedAssets\Revit\RevitContent\CentralHealthLibrary\_Kinship\_Health Families Components\Plumbing Fixtures\43854_Basin-Wall-Caroma Care 600.rfa,Plumbing Fixtures,,Basin_CaromaCare600_PLU
44511_Caroma-Care-700-Shelf-RH-Wall-Basin,Plumbing Fixtures,44511_Caroma-Care-700-Shelf-RH-Wall-Basin,\\bvn\data\studio\SharedAssets\Revit\RevitContent\CentralHealthLibrary\_Kinship\_Health Families Components\Plumbing Fixtures\44511_Caroma-Care-700-Shelf-RH-Wall-Basin.rfa,Plumbing Fixtures,,Basin_CaromaCare700_Shelf_RH_PLU
44512_Caroma-Care-700-Shelf-LH-Wall-Basin,Plumbing Fixtures,44512_Caroma-Care-700-Shelf-LH-Wall-Basin,\\bvn\data\studio\SharedAssets\Revit\RevitContent\CentralHealthLibrary\_Kinship\_Health Families Components\Plumbing Fixtures\44512_Caroma-Care-700-Shelf-LH-Wall-Basin.rfa,Plumbing Fixtures,,Basin_CaromaCare700_Shelf_LH_PLU
551_Frame for-Shelving Adjustable,Casework,551_Frame for-Shelving Adjustable,\\bvn\data\studio\SharedAssets\Revit\RevitContent\CentralHealthLibrary\_Kinship\_Health Families Components\Casework\551_Frame for-Shelving Adjustable.rfa,Casework,P:\19\1903020.000\Design\BIM\_Revit\2.0 Project Library\_ToBeSorted\Casework\551_Frame for-Shelving Adjustable.rfa,Shelving_Frame_WallMounted_Adjustable_CAS
551_HANDLE_HAEFLE,Casework,551_HANDLE_HAEFLE,\\bvn\data\studio\SharedAssets\Revit\RevitContent\CentralHealthLibrary\_Kinship\_Health Families Components\Casework\551_HANDLE_HAEFLE.rfa,Casework,P:\19\1903020.000\Design\BIM\_Revit\2.0 Project Library\_ToBeSorted\Casework\551_HANDLE_HAEFLE.rfa,Handle_Haefele_CAS
GENERIC_LABEL_TEXT_BVN,Generic Annotations,GENERIC_LABEL_TEXT_BVN,\\bvn\data\studio\SharedAssets\Revit\RevitContent\CentralHealthLibrary\_Kinship\_Health Families Components\Generic Annotations\GENERIC_LABEL_TEXT_BVN.rfa,Generic Annotations,,Label_Text_1_5mm_ANN
574 BLINDS_PART_BVN,Furniture,574 BLINDS_PART_BVN,\\bvn\data\studio\SharedAssets\Revit\RevitContent\CentralHealthLibrary\_Kinship\_Health Families Components\Furniture\574 BLINDS_PART_BVN.rfa,Furniture,,Blinds_LineGraphic_FUR
574 BLINDS_PART_BVN,Specialty Equipment,574 BLINDS_PART_BVN,\\bvn\data\studio\SharedAssets\Revit\RevitContent\CentralHealthLibrary\_Kinship\_Health Families Components\Specialty Equipment\574 BLINDS_PART_BVN.rfa,Specialty Equipment,,Blinds_LineGraphic_SEQ
Lever,Generic Models,Lever,\\bvn\data\studio\SharedAssets\Revit\RevitContent\CentralHealthLibrary\_Kinship\_Health Families Components\Generic Models\Lever.rfa,Generic Models,,Lever_S_Shaped_150L_50H_GEN
LightProcedure,Lighting Fixtures,LightProcedure,\\bvn\data\studio\SharedAssets\Revit\RevitContent\CentralHealthLibrary\_Kinship\_Health Families Components\Lighting Fixtures\LightProcedure.rfa,Lighting Fixtures,,Light_Procedure_LFX
Bath_Baby_Portable_FF_380_geometry,Plumbing Fixtures,Bath_Baby_Portable_FF_380_geometry,\\bvn\data\studio\SharedAssets\Revit\RevitContent\CentralHealthLibrary\_Kinship\_Health Families Components\Plumbing Fixtures\Bath_Baby_Portable_FF_380_geometry.rfa,Plumbing Fixtures,,Bath_Baby_Portable_920W_530D_250H_PLU
Caroma_Opal_510_Wall_Basin,Plumbing Fixtures,Caroma_Opal_510_Wall_Basin,\\bvn\data\studio\SharedAssets\Revit\RevitContent\CentralHealthLibrary\_Kinship\_Health Families Components\Plumbing Fixtures\Caroma_Opal_510_Wall_Basin.rfa,Plumbing Fixtures,,Basin_CaromaOpal510_PLU
Apple Keyboard,Electrical Equipment,Apple Keyboard,\\bvn\data\studio\SharedAssets\Revit\RevitContent\CentralHealthLibrary\_Kinship\_Health Families Components\Electrical Equipment\Apple Keyboard.rfa,Electrical Equipment,,Keyboard_Apple_EEQ
Apple Screen Backstand,Furniture,Apple Screen Backstand,\\bvn\data\studio\SharedAssets\Revit\RevitContent\CentralHealthLibrary\_Kinship\_Health Families Components\Furniture\Apple Screen Backstand.rfa,Furniture,,Screen_Apple_StandOnly_FUR
Clark_Cleaners_Sink,Plumbing Fixtures,Clark_Cleaners_Sink,\\bvn\data\studio\SharedAssets\Revit\RevitContent\CentralHealthLibrary\_Kinship\_Health Families Components\Plumbing Fixtures\Clark_Cleaners_Sink.rfa,Plumbing Fixtures,,Sink_Clark_Cleaners_PLU
DC_Caroma_PLM_Bowl_Care 800,Plumbing Fixtures,DC_Caroma_PLM_Bowl_Care 800,\\bvn\data\studio\SharedAssets\Revit\RevitContent\CentralHealthLibrary\_Kinship\_Health Families Components\Plumbing Fixtures\DC_Caroma_PLM_Bowl_Care 800.rfa,Plumbing Fixtures,,WC_CaromaCare800_PLU
DC_Caroma_PLM_Lids_Leda,Plumbing Fixtures,DC_Caroma_PLM_Lids_Leda,\\bvn\data\studio\SharedAssets\Revit\RevitContent\CentralHealthLibrary\_Kinship\_Health Families Components\Plumbing Fixtures\DC_Caroma_PLM_Lids_Leda.rfa,Plumbing Fixtures,,WC_Lid_CaromaLeda_PLU
Basin_Caroma_Opal_920Shelf,Plumbing Fixtures,Basin_Caroma_Opal_920Shelf,\\bvn\data\studio\SharedAssets\Revit\RevitContent\CentralHealthLibrary\_Kinship\_Health Families Components\Plumbing Fixtures\Basin_Caroma_Opal_920Shelf.rfa,Plumbing Fixtures,,Basin_CaromaOpal920_Shelf_PLU
Basin_Caroma_Sole_Semi_Recessed,Plumbing Fixtures,Basin_Caroma_Sole_Semi_Recessed,\\bvn\data\studio\SharedAssets\Revit\RevitContent\CentralHealthLibrary\_Kinship\_Health Families Components\Plumbing Fixtures\Basin_Caroma_Sole_Semi_Recessed.rfa,Plumbing Fixtures,,Basin_CaromaSole_SemiRecessed_PLU
Basin-Caroma Opal Shroud,Plumbing Fixtures,Basin-Caroma Opal Shroud,\\bvn\data\studio\SharedAssets\Revit\RevitContent\CentralHealthLibrary\_Kinship\_Health Families Components\Plumbing Fixtures\Basin-Caroma Opal Shroud.rfa,Plumbing Fixtures,,Basin_CaromaOpal_Shroud_PLU
BRACKET - SUCTION BOTTLE,Specialty Equipment,BRACKET - SUCTION BOTTLE,\\bvn\data\studio\SharedAssets\Revit\RevitContent\CentralHealthLibrary\_Kinship\_Health Families Components\Specialty Equipment\BRACKET - SUCTION BOTTLE.rfa,Specialty Equipment,,SuctionBottle_Bracket_SEQ
Basin-Caroma Opal Shroud_Not Shared,Plumbing Fixtures,Basin-Caroma Opal Shroud_Not Shared,\\bvn\data\studio\SharedAssets\Revit\RevitContent\CentralHealthLibrary\_Kinship\_Health Families Components\Plumbing Fixtures\Basin-Caroma Opal Shroud_Not Shared.rfa,Plumbing Fixtures,,Basin_CaromaOpal_Shroud_NotShared_PLU
Basin-Shroud-Caroma Opal_Not Shared,Plumbing Fixtures,Basin-Shroud-Caroma Opal_Not Shared,\\bvn\data\studio\SharedAssets\Revit\RevitContent\CentralHealthLibrary\_Kinship\_Health Families Components\Plumbing Fixtures\Basin-Shroud-Caroma Opal_Not Shared.rfa,Plumbing Fixtures,,Basin_CaromaOpal_Shroud_NotShared_PLU
BasketWire,Specialty Equipment,BasketWire,\\bvn\data\studio\SharedAssets\Revit\RevitContent\CentralHealthLibrary\_Kinship\_Health Families Components\Specialty Equipment\BasketWire.rfa,Specialty Equipment,,WireBasket_SEQ
Bed_Patient_ICU,Furniture,Bed_Patient_ICU,\\bvn\data\studio\SharedAssets\Revit\RevitContent\CentralHealthLibrary\_Kinship\_Health Families Components\Furniture\Bed_Patient_ICU.rfa,Furniture,,Bed_Patient_ICU_FUR
Ceiling Support,Structural Framing,Ceiling Support,\\bvn\data\studio\SharedAssets\Revit\RevitContent\CentralHealthLibrary\_Kinship\_Health Families Components\Structural Framing\Ceiling Support.rfa,Structural Framing,,Ceiling_Support_SFT
Bracket_DeskMounted_Cardiac Monitor,Furniture,Bracket_DeskMounted_Cardiac Monitor,\\bvn\data\studio\SharedAssets\Revit\RevitContent\CentralHealthLibrary\_Kinship\_Health Families Components\Furniture\Bracket_DeskMounted_Cardiac Monitor.rfa,Furniture,,Bracket_DeskMounted_Cardiac Monitor_FUR
Bracket_Monitor_Patient_Anaesthetic_WallMounted,Furniture,Bracket_Monitor_Patient_Anaesthetic_WallMounted,\\bvn\data\studio\SharedAssets\Revit\RevitContent\CentralHealthLibrary\_Kinship\_Health Families Components\Furniture\Bracket_Monitor_Patient_Anaesthetic_WallMounted.rfa,Furniture,,Bracket_Monitor_Patient_Anaesthetic_WallMounted_FUR
Chair_Meeting,Furniture,Chair_Meeting,\\bvn\data\studio\SharedAssets\Revit\RevitContent\CentralHealthLibrary\_Kinship\_Health Families Components\Furniture\Chair_Meeting.rfa,Furniture,,Chair_Meeting_FUR
Keyboard_Mouse,Furniture,Keyboard_Mouse,\\bvn\data\studio\SharedAssets\Revit\RevitContent\CentralHealthLibrary\_Kinship\_Health Families Components\Furniture\Keyboard_Mouse.rfa,Furniture,,Keyboard_Mouse_FUR
E SYMBOL_NURSE CALL PATIENT HANDSET,Generic Annotations,E SYMBOL_NURSE CALL PATIENT HANDSET,\\bvn\data\studio\SharedAssets\Revit\RevitContent\CentralHealthLibrary\_Kinship\_Health Families Components\Generic Annotations\E SYMBOL_NURSE CALL PATIENT HANDSET.rfa,Generic Annotations,,Symbol_Nurse_Call_Patient_Handset_ANN
GENERIC_LABEL_TEXT_NESTED_BVN,Generic Annotations,GENERIC_LABEL_TEXT_NESTED_BVN,\\bvn\data\studio\SharedAssets\Revit\RevitContent\CentralHealthLibrary\_Kinship\_Health Families Components\Generic Annotations\GENERIC_LABEL_TEXT_NESTED_BVN.rfa,Generic Annotations,,Label_Text_Rotation_1_5mm_ANN
Left_Right_Generic Anotation,Generic Annotations,Left_Right_Generic Anotation,\\bvn\data\studio\SharedAssets\Revit\RevitContent\CentralHealthLibrary\_Kinship\_Health Families Components\Generic Annotations\Left_Right_Generic Anotation.rfa,Generic Annotations,,Label_Text_Generic_3mm_ANN
Camera,Electrical Fixtures,Camera,\\bvn\data\studio\SharedAssets\Revit\RevitContent\CentralHealthLibrary\_Kinship\_Health Families Components\Electrical Fixtures\Camera.rfa,Electrical Fixtures,,Camera_CCTV_EFX
FE-11400,Generic Models,FE-11400,\\bvn\data\studio\SharedAssets\Revit\RevitContent\CentralHealthLibrary\_Kinship\_Health Families Components\Generic Models\FE-11400.rfa,Generic Models,,Keyboard_GEN
Castor_Component,Generic Models,Castor_Component,\\bvn\data\studio\SharedAssets\Revit\RevitContent\CentralHealthLibrary\_Kinship\_Health Families Components\Generic Models\Castor_Component.rfa,Generic Models,,Castor_Wheels_Adjustable_GEN
CastorWheel,Specialty Equipment,CastorWheel,\\bvn\data\studio\SharedAssets\Revit\RevitContent\CentralHealthLibrary\_Kinship\_Health Families Components\Specialty Equipment\CastorWheel.rfa,Specialty Equipment,,Castor_Wheels_Adjustable_SEQ
clock,Specialty Equipment,clock,\\bvn\data\studio\SharedAssets\Revit\RevitContent\CentralHealthLibrary\_Kinship\_Health Families Components\Specialty Equipment\clock.rfa,Specialty Equipment,,Clock_Analogue_Round_SEQ
Dispenser_toilet_paper_SEQ,Specialty Equipment,Dispenser_toilet_paper_SEQ,\\bvn\data\studio\SharedAssets\Revit\RevitContent\CentralHealthLibrary\_Kinship\_Health Families Components\Specialty Equipment\Dispenser_toilet_paper_SEQ.rfa,Specialty Equipment,,Dispenser_Toilet_Paper_SEQ
CORNER GUARD_GRAPHICS,Generic Models,CORNER GUARD_GRAPHICS,\\bvn\data\studio\SharedAssets\Revit\RevitContent\CentralHealthLibrary\_Kinship\_Health Families Components\Generic Models\CORNER GUARD_GRAPHICS.rfa,Generic Models,,Corner_Guard_Graphics_GEN
Couch_Exam_Electric_Gyn,Electrical Equipment,Couch_Exam_Electric_Gyn,\\bvn\data\studio\SharedAssets\Revit\RevitContent\CentralHealthLibrary\_Kinship\_Health Families Components\Electrical Equipment\Couch_Exam_Electric_Gyn.rfa,Electrical Equipment,,Couch_Exam_Electric_Gyn_EEQ
Family6,Specialty Equipment,Family6,\\bvn\data\studio\SharedAssets\Revit\RevitContent\CentralHealthLibrary\_Kinship\_Health Families Components\Specialty Equipment\Family6.rfa,Specialty Equipment,,Monitor_Foetal_CTG_SEQ
DC_Caroma_Toilet_Side_Button,Generic Models,DC_Caroma_Toilet_Side_Button,\\bvn\data\studio\SharedAssets\Revit\RevitContent\CentralHealthLibrary\_Kinship\_Health Families Components\Generic Models\DC_Caroma_Toilet_Side_Button.rfa,Generic Models,,Toilet_Suite_Flush_Button_Round_GEN
JOI_KOP_Door,Casework,JOI_KOP_Door,\\bvn\data\studio\SharedAssets\Revit\RevitContent\CentralHealthLibrary\_Kinship\_Health Families Components\Casework\JOI_KOP_Door.rfa,Casework,,KOP_Door_CAS
JOI_KOP_Carcass,Casework,JOI_KOP_Carcass,\\bvn\data\studio\SharedAssets\Revit\RevitContent\CentralHealthLibrary\_Kinship\_Health Families Components\Casework\JOI_KOP_Carcass.rfa,Casework,,KOP_Carcass_CAS
DisplayScreen_Only,Electrical Equipment,DisplayScreen_Only,\\bvn\data\studio\SharedAssets\Revit\RevitContent\CentralHealthLibrary\_Kinship\_Health Families Components\Electrical Equipment\DisplayScreen_Only.rfa,Electrical Equipment,,Screen_Display_EEQ
E SYMBOL_DURESS ALARM,Generic Annotations,E SYMBOL_DURESS ALARM,\\bvn\data\studio\SharedAssets\Revit\RevitContent\CentralHealthLibrary\_Kinship\_Health Families Components\Generic Annotations\E SYMBOL_DURESS ALARM.rfa,Generic Annotations,,Symbol_Duress_Alarm_ANN
Lounge_Modular_Leg_Component,Furniture,Lounge_Modular_Leg_Component,\\bvn\data\studio\SharedAssets\Revit\RevitContent\CentralHealthLibrary\_Kinship\_Health Families Components\Furniture\Lounge_Modular_Leg_Component.rfa,Furniture,,Lounge_Modular_Leg_FUR
E SYMBOL_NURSE CALL,Generic Annotations,E SYMBOL_NURSE CALL,\\bvn\data\studio\SharedAssets\Revit\RevitContent\CentralHealthLibrary\_Kinship\_Health Families Components\Generic Annotations\E SYMBOL_NURSE CALL.rfa,Generic Annotations,,Symbol_Nurse_Call_ANN
Lounge_Modular_Arm_Component,Furniture,Lounge_Modular_Arm_Component,\\bvn\data\studio\SharedAssets\Revit\RevitContent\CentralHealthLibrary\_Kinship\_Health Families Components\Furniture\Lounge_Modular_Arm_Component.rfa,Furniture,,Lounge_Modular_Arm_FUR
E SYMBOL_NURSE CALL E,Generic Annotations,E SYMBOL_NURSE CALL E,\\bvn\data\studio\SharedAssets\Revit\RevitContent\CentralHealthLibrary\_Kinship\_Health Families Components\Generic Annotations\E SYMBOL_NURSE CALL E.rfa,Generic Annotations,,Symbol_Nurse_Call_Ermegency_ANN
E_SYMBOL_LIGHT SWITCH - ONE WAY,Generic Annotations,E_SYMBOL_LIGHT SWITCH - ONE WAY,\\bvn\data\studio\SharedAssets\Revit\RevitContent\CentralHealthLibrary\_Kinship\_Health Families Components\Generic Annotations\E_SYMBOL_LIGHT SWITCH - ONE WAY.rfa,Generic Annotations,,Symbol_Light_Switch_One_Way_ANN
FE-35960,Generic Models,FE-35960,\\bvn\data\studio\SharedAssets\Revit\RevitContent\CentralHealthLibrary\_Kinship\_Health Families Components\Generic Models\FE-35960.rfa,Generic Models,,Screen_LCD_18I_GEN
Film_ANN,Generic Models,Film_ANN,\\bvn\data\studio\SharedAssets\Revit\RevitContent\CentralHealthLibrary\_Kinship\_Health Families Components\Generic Models\Film_ANN.rfa,Generic Models,,Text_Film_ElevationOnly_GEN
Legs,Generic Models,Legs,\\bvn\data\studio\SharedAssets\Revit\RevitContent\CentralHealthLibrary\_Kinship\_Health Families Components\Generic Models\Legs.rfa,Generic Models,,Leg_InvertedUShape_Adjustable_GEN
LightOperating,Generic Models,LightOperating,\\bvn\data\studio\SharedAssets\Revit\RevitContent\CentralHealthLibrary\_Kinship\_Health Families Components\Generic Models\LightOperating.rfa,Generic Models,,Light_Operating_2Booms_GEN
Level Head - Upgrade,Level Heads,Level Head - Upgrade,\\bvn\data\studio\SharedAssets\Revit\RevitContent\CentralHealthLibrary\_Kinship\_Health Families Components\Level Heads\Level Head - Upgrade.rfa,Level Heads,,LevelHead_Upgrade_ANN
FRH184CL,Furniture,FRH184CL,\\bvn\data\studio\SharedAssets\Revit\RevitContent\CentralHealthLibrary\_Kinship\_Health Families Components\Furniture\FRH184CL.rfa,Furniture,,BanquetteSeat_1840W_790D_1250H_Jardan_FUR
FRH186L,Furniture,FRH186L,\\bvn\data\studio\SharedAssets\Revit\RevitContent\CentralHealthLibrary\_Kinship\_Health Families Components\Furniture\FRH186L.rfa,Furniture,,BanquetteSeat_1860W_790D_1250H_Jardan_FUR
Left_Right_Symbol,Detail Items,Left_Right_Symbol,\\bvn\data\studio\SharedAssets\Revit\RevitContent\CentralHealthLibrary\_Kinship\_Health Families Components\Detail Items\Left_Right_Symbol.rfa,Detail Items,P:\19\1903020.000\Design\BIM\_Revit\2.0 Project Library\_ToBeSorted\Detail Items\Left_Right_Symbol.rfa,Left_Right_Symbol_DCO
Howard Silvers 048366 Handle,Furniture,Howard Silvers 048366 Handle,\\bvn\data\studio\SharedAssets\Revit\RevitContent\CentralHealthLibrary\_Kinship\_Health Families Components\Furniture\Howard Silvers 048366 Handle.rfa,Furniture,,Handle_HowardSilvers_FUR
Hose_Reel_Retractable_AK_Reel,Plumbing Fixtures,Hose_Reel_Retractable_AK_Reel,\\bvn\data\studio\SharedAssets\Revit\RevitContent\CentralHealthLibrary\_Kinship\_Health Families Components\Plumbing Fixtures\Hose_Reel_Retractable_AK_Reel.rfa,Plumbing Fixtures,,Hose_Reel_Retractable_PLU
Hosecock,Plumbing Fixtures,Hosecock,\\bvn\data\studio\SharedAssets\Revit\RevitContent\CentralHealthLibrary\_Kinship\_Health Families Components\Plumbing Fixtures\Hosecock.rfa,Plumbing Fixtures,,Hosecock_PLU
Ice_Machine,Plumbing Fixtures,Ice_Machine,\\bvn\data\studio\SharedAssets\Revit\RevitContent\CentralHealthLibrary\_Kinship\_Health Families Components\Plumbing Fixtures\Ice_Machine.rfa,Plumbing Fixtures,,Machine_Ice_PLU.rfa
Infusion Pump,Specialty Equipment,Infusion Pump,\\bvn\data\studio\SharedAssets\Revit\RevitContent\CentralHealthLibrary\_Kinship\_Health Families Components\Specialty Equipment\Infusion Pump.rfa,Specialty Equipment,,Pump_Infusion_SEQ
Left_Right_ANN,Generic Models,Left_Right_ANN,\\bvn\data\studio\SharedAssets\Revit\RevitContent\CentralHealthLibrary\_Kinship\_Health Families Components\Generic Models\Left_Right_ANN.rfa,Generic Models,,Left_Right_Graphic_GEN
Marker_Room Calculation Point_CAS,Casework,Marker_Room Calculation Point_CAS,\\bvn\data\studio\SharedAssets\Revit\RevitContent\CentralHealthLibrary\_Kinship\_Health Families Components\Casework\Marker_Room Calculation Point_CAS.rfa,Casework,P:\19\1903020.000\Design\BIM\_Revit\2.0 Project Library\_ToBeSorted\Casework\Marker_Room Calculation Point_CAS.rfa,RoomCalculationPoint_Marker_CAS
MGVB,Generic Annotations,MGVB,\\bvn\data\studio\SharedAssets\Revit\RevitContent\CentralHealthLibrary\_Kinship\_Health Families Components\Generic Annotations\MGVB.rfa,Generic Annotations,,Text_MGVB_1_2mm_ANN
Might Mouse,Electrical Equipment,Might Mouse,\\bvn\data\studio\SharedAssets\Revit\RevitContent\CentralHealthLibrary\_Kinship\_Health Families Components\Electrical Equipment\Might Mouse.rfa,Electrical Equipment,,Mouse_Apple_EEQ
Might Mouse,Specialty Equipment,Might Mouse,\\bvn\data\studio\SharedAssets\Revit\RevitContent\CentralHealthLibrary\_Kinship\_Health Families Components\Specialty Equipment\Might Mouse.rfa,Specialty Equipment,,Mouse_Apple_SEQ
MODEL TEXT LABEL,Generic Models,MODEL TEXT LABEL,\\bvn\data\studio\SharedAssets\Revit\RevitContent\CentralHealthLibrary\_Kinship\_Health Families Components\Generic Models\MODEL TEXT LABEL.rfa,Generic Models,,Label_ModelText_50mm_GEN
Monitor,Electrical Equipment,Monitor,\\bvn\data\studio\SharedAssets\Revit\RevitContent\CentralHealthLibrary\_Kinship\_Health Families Components\Electrical Equipment\Monitor.rfa,Electrical Equipment,,Screen_LCD_18I_EEQ
Monitor_Allsizes_090_ELQ,Electrical Equipment,Monitor_Allsizes_090_ELQ,\\bvn\data\studio\SharedAssets\Revit\RevitContent\CentralHealthLibrary\_Kinship\_Health Families Components\Electrical Equipment\Monitor_Allsizes_090_ELQ.rfa,Electrical Equipment,,Screen_LED_EEQ
Monitor_Blood_Pressure,Specialty Equipment,Monitor_Blood_Pressure,\\bvn\data\studio\SharedAssets\Revit\RevitContent\CentralHealthLibrary\_Kinship\_Health Families Components\Specialty Equipment\Monitor_Blood_Pressure.rfa,Specialty Equipment,,Monitor_Blood_Pressure_SEQ
Monitor_Cardiac_VitalSigns_Portable,Electrical Equipment,Monitor_Cardiac_VitalSigns_Portable,\\bvn\data\studio\SharedAssets\Revit\RevitContent\CentralHealthLibrary\_Kinship\_Health Families Components\Electrical Equipment\Monitor_Cardiac_VitalSigns_Portable.rfa,Electrical Equipment,,Monitor_Cardiac_VitalSigns_Portable_EEQ
Outlet,Generic Annotations,Outlet,\\bvn\data\studio\SharedAssets\Revit\RevitContent\CentralHealthLibrary\_Kinship\_Health Families Components\Generic Annotations\Outlet.rfa,Generic Annotations,,Outlet_Plan_Graphic_ANN
PCU_1,Electrical Equipment,PCU_1,\\bvn\data\studio\SharedAssets\Revit\RevitContent\CentralHealthLibrary\_Kinship\_Health Families Components\Electrical Equipment\PCU_1.rfa,Electrical Equipment,,Screen_Apple_EEQ
Planting plan small,Detail Items,Planting plan small,\\bvn\data\studio\SharedAssets\Revit\RevitContent\CentralHealthLibrary\_Kinship\_Health Families Components\Detail Items\Planting plan small.rfa,Detail Items,,Bush_PlanOutline_DCO
PlumbingFixture_Basin_Britex_HBGU,Plumbing Fixtures,PlumbingFixture_Basin_Britex_HBGU,\\bvn\data\studio\SharedAssets\Revit\RevitContent\CentralHealthLibrary\_Kinship\_Health Families Components\Plumbing Fixtures\PlumbingFixture_Basin_Britex_HBGU.rfa,Plumbing Fixtures,,Basin_Britex_450W_400D_300H_PLU
PlumbingFixture_Security_Combination-Unit_Britex_SCU90S,Plumbing Fixtures,PlumbingFixture_Security_Combination-Unit_Britex_SCU90S,\\bvn\data\studio\SharedAssets\Revit\RevitContent\CentralHealthLibrary\_Kinship\_Health Families Components\Plumbing Fixtures\PlumbingFixture_Security_Combination-Unit_Britex_SCU90S.rfa,Plumbing Fixtures,,Basin_WC_SecurityCombination_Britex_PLU
Rack,Furniture,Rack,\\bvn\data\studio\SharedAssets\Revit\RevitContent\CentralHealthLibrary\_Kinship\_Health Families Components\Furniture\Rack.rfa,Furniture,,Rack_Drying_Bottle_FUR
Rack_Pamphlet_Components,Furniture Systems,Rack_Pamphlet_Components,\\bvn\data\studio\SharedAssets\Revit\RevitContent\CentralHealthLibrary\_Kinship\_Health Families Components\Furniture Systems\Rack_Pamphlet_Components.rfa,Furniture Systems,,Pamphlet_Holder_FSY
Responder5,Nurse Call Devices,Responder5,\\bvn\data\studio\SharedAssets\Revit\RevitContent\CentralHealthLibrary\_Kinship\_Health Families Components\Nurse Call Devices\Responder5.rfa,Nurse Call Devices,,Station_NurseCallPullChordWithAudioAndBackToBedButton_ITCL_530
RPZD,Generic Annotations,RPZD,\\bvn\data\studio\SharedAssets\Revit\RevitContent\CentralHealthLibrary\_Kinship\_Health Families Components\Generic Annotations\RPZD.rfa,Generic Annotations,,Text_RPZD_1_2mm_ANN
SANH560,Plumbing Fixtures,SANH560,\\bvn\data\studio\SharedAssets\Revit\RevitContent\CentralHealthLibrary\_Kinship\_Health Families Components\Plumbing Fixtures\SANH560.rfa,Plumbing Fixtures,,Basin_560W_450D_190D_PLU
SANH610,Plumbing Fixtures,SANH610,\\bvn\data\studio\SharedAssets\Revit\RevitContent\CentralHealthLibrary\_Kinship\_Health Families Components\Plumbing Fixtures\SANH610.rfa,Plumbing Fixtures,,Basin_610W_575D_200D_PLU
SANH710BL_1,Plumbing Fixtures,SANH710BL_1,\\bvn\data\studio\SharedAssets\Revit\RevitContent\CentralHealthLibrary\_Kinship\_Health Families Components\Plumbing Fixtures\SANH710BL_1.rfa,Plumbing Fixtures,,Basin_Shelf_LH_710W_400D_150H_PLU
SANH710BR_1,Plumbing Fixtures,SANH710BR_1,\\bvn\data\studio\SharedAssets\Revit\RevitContent\CentralHealthLibrary\_Kinship\_Health Families Components\Plumbing Fixtures\SANH710BR_1.rfa,Plumbing Fixtures,,Basin_Shelf_RH_710W_400D_150H_PLU
SANH710BR_2,Plumbing Fixtures,SANH710BR_2,\\bvn\data\studio\SharedAssets\Revit\RevitContent\CentralHealthLibrary\_Kinship\_Health Families Components\Plumbing Fixtures\SANH710BR_2.rfa,Plumbing Fixtures,,Basin_Shelf_RH_710W_400D_150H_PLU
Schnittende - Upgrade,Section Marks,Schnittende - Upgrade,\\bvn\data\studio\SharedAssets\Revit\RevitContent\CentralHealthLibrary\_Kinship\_Health Families Components\Section Marks\Schnittende - Upgrade.rfa,Section Marks,,Section_Tail_Filled_ANN
Screen_Batten_Vertical_Angled,Generic Models,Screen_Batten_Vertical_Angled,\\bvn\data\studio\SharedAssets\Revit\RevitContent\CentralHealthLibrary\_Kinship\_Health Families Components\Generic Models\Screen_Batten_Vertical_Angled.rfa,Generic Models,,Screen_Batten_Vertical_Angled_GEN
SEQ-Castor-BVN-11,Furniture,SEQ-Castor-BVN-11,\\bvn\data\studio\SharedAssets\Revit\RevitContent\CentralHealthLibrary\_Kinship\_Health Families Components\Furniture\SEQ-Castor-BVN-11.rfa,Furniture,,Castor_Wheels_FUR
Shelf bracket,Furniture,Shelf bracket,\\bvn\data\studio\SharedAssets\Revit\RevitContent\CentralHealthLibrary\_Kinship\_Health Families Components\Furniture\Shelf bracket.rfa,Furniture,,Shelf_Bracket_Single_Undermount_FUR
SHELVING BRACKET,Generic Models,SHELVING BRACKET,\\bvn\data\studio\SharedAssets\Revit\RevitContent\CentralHealthLibrary\_Kinship\_Health Families Components\Generic Models\SHELVING BRACKET.rfa,Generic Models,,Shelf_Bracket_Single_Undermount_GEN
Sink,Generic Models,Sink,\\bvn\data\studio\SharedAssets\Revit\RevitContent\CentralHealthLibrary\_Kinship\_Health Families Components\Generic Models\Sink.rfa,Generic Models,,Sink_C_Shape_GEN
Sink,Plumbing Fixtures,Sink,\\bvn\data\studio\SharedAssets\Revit\RevitContent\CentralHealthLibrary\_Kinship\_Health Families Components\Plumbing Fixtures\Sink.rfa,Plumbing Fixtures,,Sink_Single_530W_370D_240H_PLU
Spray_Gun_Water,Plumbing Fixtures,Spray_Gun_Water,\\bvn\data\studio\SharedAssets\Revit\RevitContent\CentralHealthLibrary\_Kinship\_Health Families Components\Plumbing Fixtures\Spray_Gun_Water.rfa,Plumbing Fixtures,,Spray_Gun_Water_PLU
Steelcase - C Scape - Shared Table - Column,Furniture,Steelcase - C Scape - Shared Table - Column,\\bvn\data\studio\SharedAssets\Revit\RevitContent\CentralHealthLibrary\_Kinship\_Health Families Components\Furniture\Steelcase - C Scape - Shared Table - Column.rfa,Furniture,,Table_Base_Round_710D_FUR
SUCTION ADAPTER,Specialty Equipment,SUCTION ADAPTER,\\bvn\data\studio\SharedAssets\Revit\RevitContent\CentralHealthLibrary\_Kinship\_Health Families Components\Specialty Equipment\SUCTION ADAPTER.rfa,Specialty Equipment,,Suction_Adapter_SEQ
SUCTION BOTTLE,Specialty Equipment,SUCTION BOTTLE,\\bvn\data\studio\SharedAssets\Revit\RevitContent\CentralHealthLibrary\_Kinship\_Health Families Components\Specialty Equipment\SUCTION BOTTLE.rfa,Specialty Equipment,,Suction_Bottle_SEQ
SYMBOL FOR AUDIO JACK,Generic Annotations,SYMBOL FOR AUDIO JACK,\\bvn\data\studio\SharedAssets\Revit\RevitContent\CentralHealthLibrary\_Kinship\_Health Families Components\Generic Annotations\SYMBOL FOR AUDIO JACK.rfa,Generic Annotations,,Symbol_AudioJack_ANN
SYMBOL FOR AV PORT,Generic Annotations,SYMBOL FOR AV PORT,\\bvn\data\studio\SharedAssets\Revit\RevitContent\CentralHealthLibrary\_Kinship\_Health Families Components\Generic Annotations\SYMBOL FOR AV PORT.rfa,Generic Annotations,,Symbol_AvPort_ANN
SYMBOL FOR S01006,Generic Annotations,SYMBOL FOR S01006,\\bvn\data\studio\SharedAssets\Revit\RevitContent\CentralHealthLibrary\_Kinship\_Health Families Components\Generic Annotations\SYMBOL FOR S01006.rfa,Generic Annotations,,Symbol_Outlet_Data_Double_ANN
SYMBOL FOR S07000,Generic Annotations,SYMBOL FOR S07000,\\bvn\data\studio\SharedAssets\Revit\RevitContent\CentralHealthLibrary\_Kinship\_Health Families Components\Generic Annotations\SYMBOL FOR S07000.rfa,Generic Annotations,,Symbol_Outlet_Oxygen_ANN
SYMBOL FOR S07020,Generic Annotations,SYMBOL FOR S07020,\\bvn\data\studio\SharedAssets\Revit\RevitContent\CentralHealthLibrary\_Kinship\_Health Families Components\Generic Annotations\SYMBOL FOR S07020.rfa,Generic Annotations,,Symbol_Outlet_NitrousOxide_ANN
SYMBOL FOR S07040,Generic Annotations,SYMBOL FOR S07040,\\bvn\data\studio\SharedAssets\Revit\RevitContent\CentralHealthLibrary\_Kinship\_Health Families Components\Generic Annotations\SYMBOL FOR S07040.rfa,Generic Annotations,,Symbol_Outlet_CarbonDioxide_ANN
SYMBOL FOR S09000,Generic Annotations,SYMBOL FOR S09000,\\bvn\data\studio\SharedAssets\Revit\RevitContent\CentralHealthLibrary\_Kinship\_Health Families Components\Generic Annotations\SYMBOL FOR S09000.rfa,Generic Annotations,,Symbol_Outlet_GPO_Single_ANN
SYMBOL FOR S09001,Generic Annotations,SYMBOL FOR S09001,\\bvn\data\studio\SharedAssets\Revit\RevitContent\CentralHealthLibrary\_Kinship\_Health Families Components\Generic Annotations\SYMBOL FOR S09001.rfa,Generic Annotations,,Symbol_Outlet_GPO_Double_ANN
SYMBOL FOR S09060,Generic Annotations,SYMBOL FOR S09060,\\bvn\data\studio\SharedAssets\Revit\RevitContent\CentralHealthLibrary\_Kinship\_Health Families Components\Generic Annotations\SYMBOL FOR S09060.rfa,Generic Annotations,,Symbol_Outlet_GPO_Single_Emergency_ANN
SYMBOL FOR S10051 Door Release,Generic Annotations,SYMBOL FOR S10051 Door Release,\\bvn\data\studio\SharedAssets\Revit\RevitContent\CentralHealthLibrary\_Kinship\_Health Families Components\Generic Annotations\SYMBOL FOR S10051 Door Release.rfa,Generic Annotations,,Symbol_Door_Release_ANN
Symbol_GPO_ANN,Generic Annotations,Symbol_GPO_ANN,\\bvn\data\studio\SharedAssets\Revit\RevitContent\CentralHealthLibrary\_Kinship\_Health Families Components\Generic Annotations\Symbol_GPO_ANN.rfa,Generic Annotations,,Symbol_Outlet_GPO_ANN.rfa
SYMBOL_HDMI,Generic Annotations,SYMBOL_HDMI,\\bvn\data\studio\SharedAssets\Revit\RevitContent\CentralHealthLibrary\_Kinship\_Health Families Components\Generic Annotations\SYMBOL_HDMI.rfa,Generic Annotations,,Symbol_Outlet_HDMI_ANN.rfa
SYSTEM_imaging_cathlab_arm,Specialty Equipment,SYSTEM_imaging_cathlab_arm,\\bvn\data\studio\SharedAssets\Revit\RevitContent\CentralHealthLibrary\_Kinship\_Health Families Components\Specialty Equipment\SYSTEM_imaging_cathlab_arm.rfa,Specialty Equipment,,Imaging_Biplane_Arm_SEQ
Table_Mounted_Charging_Point_OneThird_GPO,Electrical Fixtures,Table_Mounted_Charging_Point_OneThird_GPO,\\bvn\data\studio\SharedAssets\Revit\RevitContent\CentralHealthLibrary\_Kinship\_Health Families Components\Electrical Fixtures\Table_Mounted_Charging_Point_OneThird_GPO.rfa,Electrical Fixtures,,GPO_Table_Mounted_Charging_Point_OneThird_EFX
TapHandle,Plumbing Fixtures,TapHandle,\\bvn\data\studio\SharedAssets\Revit\RevitContent\CentralHealthLibrary\_Kinship\_Health Families Components\Plumbing Fixtures\TapHandle.rfa,Plumbing Fixtures,,Tap_Handle_StarShape_PLU
Taps_Caroma_Gseries+_160outlet_150Handles_G53350C4A_PLU,Plumbing Fixtures,Taps_Caroma_Gseries+_160outlet_150Handles_G53350C4A_PLU,\\bvn\data\studio\SharedAssets\Revit\RevitContent\CentralHealthLibrary\_Kinship\_Health Families Components\Plumbing Fixtures\Taps_Caroma_Gseries+_160outlet_150Handles_G53350C4A_PLU.rfa,Plumbing Fixtures,,Tap_Mixer_WallMounted_CaromaGSeries_150Handles_PLU
Taps_WallMounted,Plumbing Fixtures,Taps_WallMounted,\\bvn\data\studio\SharedAssets\Revit\RevitContent\CentralHealthLibrary\_Kinship\_Health Families Components\Plumbing Fixtures\Taps_WallMounted.rfa,Plumbing Fixtures,,Tap_Mixer_WallMounted_GooseNeck_PLU
Tapware_LongReach,Plumbing Fixtures,Tapware_LongReach,\\bvn\data\studio\SharedAssets\Revit\RevitContent\CentralHealthLibrary\_Kinship\_Health Families Components\Plumbing Fixtures\Tapware_LongReach.rfa,Plumbing Fixtures,,Tap_Mixer_WallMounted_LongSpoud_PLU
TAPWARE_mixer_elbow_levers_short,Plumbing Fixtures,TAPWARE_mixer_elbow_levers_short,\\bvn\data\studio\SharedAssets\Revit\RevitContent\CentralHealthLibrary\_Kinship\_Health Families Components\Plumbing Fixtures\TAPWARE_mixer_elbow_levers_short.rfa,Plumbing Fixtures,,Tap_Mixer_ElbowLevers_Short_PLU
TAPWARE_mixer_gooseneckt,Plumbing Fixtures,TAPWARE_mixer_gooseneckt,\\bvn\data\studio\SharedAssets\Revit\RevitContent\CentralHealthLibrary\_Kinship\_Health Families Components\Plumbing Fixtures\TAPWARE_mixer_gooseneckt.rfa,Plumbing Fixtures,,Tap_Mixer_GooseNeck_PLU
"Telephone_handset, standard",Electrical Equipment,"Telephone_handset, standard","\\bvn\data\studio\SharedAssets\Revit\RevitContent\CentralHealthLibrary\_Kinship\_Health Families Components\Electrical Equipment\Telephone_handset, standard.rfa",Electrical Equipment,,Telephone_Handset_WallMounted_EEQ
TMV,Generic Annotations,TMV,\\bvn\data\studio\SharedAssets\Revit\RevitContent\CentralHealthLibrary\_Kinship\_Health Families Components\Generic Annotations\TMV.rfa,Generic Annotations,,Text_TMV_1_2mm_ANN
TMV_Label,Generic Models,TMV_Label,\\bvn\data\studio\SharedAssets\Revit\RevitContent\CentralHealthLibrary\_Kinship\_Health Families Components\Generic Models\TMV_Label.rfa,Generic Models,,Text_TMV_ElevationOnly_GEN
Toilet_Caroma_Care800_Exposed_Cisterne,Plumbing Fixtures,Toilet_Caroma_Care800_Exposed_Cisterne,\\bvn\data\studio\SharedAssets\Revit\RevitContent\CentralHealthLibrary\_Kinship\_Health Families Components\Plumbing Fixtures\Toilet_Caroma_Care800_Exposed_Cisterne.rfa,Plumbing Fixtures,,Toilet_Suite_CaromaCare800_ExposedCistern_PLU
Toilet_Stylus_Venecia_WallFaced,Plumbing Fixtures,Toilet_Stylus_Venecia_WallFaced,\\bvn\data\studio\SharedAssets\Revit\RevitContent\CentralHealthLibrary\_Kinship\_Health Families Components\Plumbing Fixtures\Toilet_Stylus_Venecia_WallFaced.rfa,Plumbing Fixtures,,Toilet_Suite_StylusVenecia_FaceBased_PLU
TRIPLE DATA,Generic Annotations,TRIPLE DATA,\\bvn\data\studio\SharedAssets\Revit\RevitContent\CentralHealthLibrary\_Kinship\_Health Families Components\Generic Annotations\TRIPLE DATA.rfa,Generic Annotations,,Symbol_Outlet_Data_Triple_ANN
Trolley_Handle_Component,Furniture,Trolley_Handle_Component,\\bvn\data\studio\SharedAssets\Revit\RevitContent\CentralHealthLibrary\_Kinship\_Health Families Components\Furniture\Trolley_Handle_Component.rfa,Furniture,,Handle_Trolley_FUR
Trolley_LaminarFlow,Furniture Systems,Trolley_LaminarFlow,\\bvn\data\studio\SharedAssets\Revit\RevitContent\CentralHealthLibrary\_Kinship\_Health Families Components\Furniture Systems\Trolley_LaminarFlow.rfa,Furniture Systems,,Trolley_LaminarFlow_FSY
Trolley_Shelf_Component,Furniture,Trolley_Shelf_Component,\\bvn\data\studio\SharedAssets\Revit\RevitContent\CentralHealthLibrary\_Kinship\_Health Families Components\Furniture\Trolley_Shelf_Component.rfa,Furniture,,Shelf_Trolley_FUR
Waste1,Plumbing Fixtures,Waste1,\\bvn\data\studio\SharedAssets\Revit\RevitContent\CentralHealthLibrary\_Kinship\_Health Families Components\Plumbing Fixtures\Waste1.rfa,Plumbing Fixtures,,Inlet_Waste_GrateCover_PLU
Waste2,Plumbing Fixtures,Waste2,\\bvn\data\studio\SharedAssets\Revit\RevitContent\CentralHealthLibrary\_Kinship\_Health Families Components\Plumbing Fixtures\Waste2.rfa,Plumbing Fixtures,,Inlet_Waste_PopCover_PLU
WireBasket_Drawer,Casework,WireBasket_Drawer,\\bvn\data\studio\SharedAssets\Revit\RevitContent\CentralHealthLibrary\_Kinship\_Health Families Components\Casework\WireBasket_Drawer.rfa,Casework,P:\19\1903020.000\Design\BIM\_Revit\2.0 Project Library\_ToBeSorted\Casework\WireBasket_Drawer.rfa,WireBasket_Drawer_CAS
WireBasket_DrawerUnit,Furniture,WireBasket_DrawerUnit,\\bvn\data\studio\SharedAssets\Revit\RevitContent\CentralHealthLibrary\_Kinship\_Health Families Components\Furniture\WireBasket_DrawerUnit.rfa,Furniture,,WireBasket_DrawerUnit_FUR
WireBasket_DrawerUnit,Casework,WireBasket_DrawerUnit,\\bvn\data\studio\SharedAssets\Revit\RevitContent\CentralHealthLibrary\_Kinship\_Health Families Components\Casework\WireBasket_DrawerUnit.rfa,Casework,P:\19\1903020.000\Design\BIM\_Revit\2.0 Project Library\_ToBeSorted\Casework\WireBasket_DrawerUnit.rfa,WireBasket_DrawerUnit_CAS
WireBasketDrawers_1Bay,Furniture,WireBasketDrawers_1Bay,\\bvn\data\studio\SharedAssets\Revit\RevitContent\CentralHealthLibrary\_Kinship\_Health Families Components\Furniture\WireBasketDrawers_1Bay.rfa,Furniture,,WireBasket_Drawers_1Bay_FUR
X_Roll_Holder,Plumbing Fixtures,X_Roll_Holder,\\bvn\data\studio\SharedAssets\Revit\RevitContent\CentralHealthLibrary\_Kinship\_Health Families Components\Plumbing Fixtures\X_Roll_Holder.rfa,Plumbing Fixtures,,Roll_Holder_PLU
