HOSTFILE,ID,NAME,ISVISIBLEBYDEFAULT
P:\19\1903020.000\Design\BIM\_Revit\1.0 Project Files\NEPEAN PHASE 2 INTERIOR TEST.rvt,0,60_MASSING,TRUE
P:\19\1903020.000\Design\BIM\_Revit\1.0 Project Files\NEPEAN PHASE 2 INTERIOR TEST.rvt,160,99_LEVELS & GRIDS,TRUE
P:\19\1903020.000\Design\BIM\_Revit\1.0 Project Files\NEPEAN PHASE 2 INTERIOR TEST.rvt,794,00_FACADE,TRUE
P:\19\1903020.000\Design\BIM\_Revit\1.0 Project Files\NEPEAN PHASE 2 INTERIOR TEST.rvt,795,10_STRUCTURE,TRUE
P:\19\1903020.000\Design\BIM\_Revit\1.0 Project Files\NEPEAN PHASE 2 INTERIOR TEST.rvt,796,20_VERTICAL CIRCULATION,TRUE
P:\19\1903020.000\Design\BIM\_Revit\1.0 Project Files\NEPEAN PHASE 2 INTERIOR TEST.rvt,797,30_INTERIOR,TRUE
P:\19\1903020.000\Design\BIM\_Revit\1.0 Project Files\NEPEAN PHASE 2 INTERIOR TEST.rvt,798,40_FF&E,TRUE
P:\19\1903020.000\Design\BIM\_Revit\1.0 Project Files\NEPEAN PHASE 2 INTERIOR TEST.rvt,799,50_SITE,TRUE
P:\19\1903020.000\Design\BIM\_Revit\1.0 Project Files\NEPEAN PHASE 2 INTERIOR TEST.rvt,800,90_LINK_BVN_BUILDINGS,TRUE
P:\19\1903020.000\Design\BIM\_Revit\1.0 Project Files\NEPEAN PHASE 2 INTERIOR TEST.rvt,801,90_LINK_BVN_EXISTING BUILDINGS,TRUE
P:\19\1903020.000\Design\BIM\_Revit\1.0 Project Files\NEPEAN PHASE 2 INTERIOR TEST.rvt,802,90_LINK_BVN_FACADE STAGE 1,TRUE
P:\19\1903020.000\Design\BIM\_Revit\1.0 Project Files\NEPEAN PHASE 2 INTERIOR TEST.rvt,803,90_LINK_BVN_REVIT_CAD,TRUE
P:\19\1903020.000\Design\BIM\_Revit\1.0 Project Files\NEPEAN PHASE 2 INTERIOR TEST.rvt,804,90_LINK_BVN_SITE,TRUE
P:\19\1903020.000\Design\BIM\_Revit\1.0 Project Files\NEPEAN PHASE 2 INTERIOR TEST.rvt,805,91_LINK_CONSULTANTS,TRUE
P:\19\1903020.000\Design\BIM\_Revit\1.0 Project Files\NEPEAN PHASE 2 INTERIOR TEST.rvt,1079,90_LINK_BVN_LIBRARY,TRUE
P:\19\1903020.000\Design\BIM\_Revit\1.0 Project Files\NEPEAN PHASE 2 INTERIOR TEST.rvt,1234,90_LINK_BVN_CARPARK,TRUE
P:\19\1903020.000\Design\BIM\_Revit\1.0 Project Files\NEPEAN PHASE 2 INTERIOR TEST.rvt,1237,90_LINK_BVN_MASTERPLAN,TRUE
P:\19\1903020.000\Design\BIM\_Revit\1.0 Project Files\NEPEAN PHASE 2 INTERIOR TEST.rvt,1761,90_LINK_BVN_IPU STAGE 1,TRUE
P:\19\1903020.000\Design\BIM\_Revit\1.0 Project Files\NEPEAN PHASE 2 INTERIOR TEST.rvt,2140,61_MASSING STAGE 2,TRUE
P:\19\1903020.000\Design\BIM\_Revit\1.0 Project Files\NEPEAN PHASE 2 INTERIOR TEST.rvt,2744,90_LINK_BVN_STRUCTURE,TRUE
P:\19\1903020.000\Design\BIM\_Revit\1.0 Project Files\NEPEAN PHASE 2 INTERIOR TEST.rvt,6264,90_LINK_BVN_EAST BLOCK,TRUE
P:\19\1903020.000\Design\BIM\_Revit\1.0 Project Files\NEPEAN PHASE 2 INTERIOR TEST.rvt,7023,90_LINK_BVN_FACADE STAGE 2,TRUE
P:\19\1903020.000\Design\BIM\_Revit\1.0 Project Files\NEPEAN PHASE 2 INTERIOR TEST.rvt,7153,00_FACADE PLACEHOLDER,TRUE
P:\19\1903020.000\Design\BIM\_Revit\1.0 Project Files\NEPEAN PHASE 2 INTERIOR TEST.rvt,8677,90_LINK_BVN_STAGE 2,TRUE
P:\19\1903020.000\Design\BIM\_Revit\1.0 Project Files\NEPEAN PHASE 2 INTERIOR TEST.rvt,11303,90_LINK_BVN_BUILDING_STAGE_2,TRUE
P:\19\1903020.000\Design\BIM\_Revit\1.0 Project Files\NHR-BVN-MOD-ARC-TB2-00M-NL00050 - SPECIAL JOINERY.rvt,0,99_LEVELS AND GRIDS,TRUE
P:\19\1903020.000\Design\BIM\_Revit\1.0 Project Files\NHR-BVN-MOD-ARC-TB2-00M-NL00050 - SPECIAL JOINERY.rvt,163,60_MASSING,TRUE
P:\19\1903020.000\Design\BIM\_Revit\1.0 Project Files\NHR-BVN-MOD-ARC-TB2-00M-NL00050 - SPECIAL JOINERY.rvt,627,10_STRUCTURE,TRUE
P:\19\1903020.000\Design\BIM\_Revit\1.0 Project Files\NHR-BVN-MOD-ARC-TB2-00M-NL00050 - SPECIAL JOINERY.rvt,628,20_VERTICAL CIRCULATION,TRUE
P:\19\1903020.000\Design\BIM\_Revit\1.0 Project Files\NHR-BVN-MOD-ARC-TB2-00M-NL00050 - SPECIAL JOINERY.rvt,629,30_INTERIOR,TRUE
P:\19\1903020.000\Design\BIM\_Revit\1.0 Project Files\NHR-BVN-MOD-ARC-TB2-00M-NL00050 - SPECIAL JOINERY.rvt,630,40_FF&E,TRUE
P:\19\1903020.000\Design\BIM\_Revit\1.0 Project Files\NHR-BVN-MOD-ARC-TB2-00M-NL00050 - SPECIAL JOINERY.rvt,631,50_SITE,TRUE
P:\19\1903020.000\Design\BIM\_Revit\1.0 Project Files\NHR-BVN-MOD-ARC-TB2-00M-NL00050 - SPECIAL JOINERY.rvt,632,90_LINK_BVN_BUILDINGS,TRUE
P:\19\1903020.000\Design\BIM\_Revit\1.0 Project Files\NHR-BVN-MOD-ARC-TB2-00M-NL00050 - SPECIAL JOINERY.rvt,633,90_LINK_BVN_EXISTING BUILDINGS,TRUE
P:\19\1903020.000\Design\BIM\_Revit\1.0 Project Files\NHR-BVN-MOD-ARC-TB2-00M-NL00050 - SPECIAL JOINERY.rvt,634,90_LINK_BVN_FACADE,TRUE
P:\19\1903020.000\Design\BIM\_Revit\1.0 Project Files\NHR-BVN-MOD-ARC-TB2-00M-NL00050 - SPECIAL JOINERY.rvt,635,90_LINK_BVN_LIBRARY,FALSE
P:\19\1903020.000\Design\BIM\_Revit\1.0 Project Files\NHR-BVN-MOD-ARC-TB2-00M-NL00050 - SPECIAL JOINERY.rvt,636,90_LINK_BVN_MASTERPLAN,TRUE
P:\19\1903020.000\Design\BIM\_Revit\1.0 Project Files\NHR-BVN-MOD-ARC-TB2-00M-NL00050 - SPECIAL JOINERY.rvt,637,90_LINK_BVN_REVIT_CAD,FALSE
P:\19\1903020.000\Design\BIM\_Revit\1.0 Project Files\NHR-BVN-MOD-ARC-TB2-00M-NL00050 - SPECIAL JOINERY.rvt,638,90_LINK_BVN_SITE,TRUE
P:\19\1903020.000\Design\BIM\_Revit\1.0 Project Files\NHR-BVN-MOD-ARC-TB2-00M-NL00050 - SPECIAL JOINERY.rvt,639,90_LINK_BVN_STRUCTURAL,TRUE
P:\19\1903020.000\Design\BIM\_Revit\1.0 Project Files\NHR-BVN-MOD-ARC-TB2-00M-NL00050 - SPECIAL JOINERY.rvt,640,91_LINK_CONSULTANT_CIVIL,FALSE
P:\19\1903020.000\Design\BIM\_Revit\1.0 Project Files\NHR-BVN-MOD-ARC-TB2-00M-NL00050 - SPECIAL JOINERY.rvt,641,91_LINK_CONSULTANT_DRY FIRE,FALSE
P:\19\1903020.000\Design\BIM\_Revit\1.0 Project Files\NHR-BVN-MOD-ARC-TB2-00M-NL00050 - SPECIAL JOINERY.rvt,642,91_LINK_CONSULTANT_ELECTRICAL,FALSE
P:\19\1903020.000\Design\BIM\_Revit\1.0 Project Files\NHR-BVN-MOD-ARC-TB2-00M-NL00050 - SPECIAL JOINERY.rvt,643,91_LINK_CONSULTANT_HYDRAULIC,FALSE
P:\19\1903020.000\Design\BIM\_Revit\1.0 Project Files\NHR-BVN-MOD-ARC-TB2-00M-NL00050 - SPECIAL JOINERY.rvt,644,91_LINK_CONSULTANT_KITCHEN,FALSE
P:\19\1903020.000\Design\BIM\_Revit\1.0 Project Files\NHR-BVN-MOD-ARC-TB2-00M-NL00050 - SPECIAL JOINERY.rvt,645,91_LINK_CONSULTANT_LANDSCAPE,FALSE
P:\19\1903020.000\Design\BIM\_Revit\1.0 Project Files\NHR-BVN-MOD-ARC-TB2-00M-NL00050 - SPECIAL JOINERY.rvt,646,91_LINK_CONSULTANT_MECHANICAL,FALSE
P:\19\1903020.000\Design\BIM\_Revit\1.0 Project Files\NHR-BVN-MOD-ARC-TB2-00M-NL00050 - SPECIAL JOINERY.rvt,647,91_LINK_CONSULTANT_MEDGAS,FALSE
P:\19\1903020.000\Design\BIM\_Revit\1.0 Project Files\NHR-BVN-MOD-ARC-TB2-00M-NL00050 - SPECIAL JOINERY.rvt,648,91_LINK_CONSULTANT_PNEUMATIC_TUBE,FALSE
P:\19\1903020.000\Design\BIM\_Revit\1.0 Project Files\NHR-BVN-MOD-ARC-TB2-00M-NL00050 - SPECIAL JOINERY.rvt,649,91_LINK_CONSULTANT_SIGNAGE,FALSE
P:\19\1903020.000\Design\BIM\_Revit\1.0 Project Files\NHR-BVN-MOD-ARC-TB2-00M-NL00050 - SPECIAL JOINERY.rvt,650,91_LINK_CONSULTANT_STRUCTURAL,FALSE
P:\19\1903020.000\Design\BIM\_Revit\1.0 Project Files\NHR-BVN-MOD-ARC-TB2-00M-NL00050 - SPECIAL JOINERY.rvt,651,91_LINK_CONSULTANT_WET FIRE,FALSE
P:\19\1903020.000\Design\BIM\_Revit\1.0 Project Files\NHR-BVN-MOD-ARC-TB2-00M-NL00050 - SPECIAL JOINERY.rvt,652,00_FACADE,TRUE
P:\19\1903020.000\Design\BIM\_Revit\1.0 Project Files\NHR-BVN-MOD-ARC-TB2-00M-NL00050 - SPECIAL JOINERY.rvt,1711,40_FF&E IN PROGRESS,TRUE
P:\19\1903020.000\Design\BIM\_Revit\1.0 Project Files\NHR-BVN-MOD-ARC-TB2-00M-NL00050 - SPECIAL JOINERY.rvt,4508,70_SHAFT COORDINATION,FALSE
P:\19\1903020.000\Design\BIM\_Revit\1.0 Project Files\NHR-BVN-MOD-ARC-GEN-00M-NL00900 - CAD LINKS.rvt,0,00 CAD,TRUE
P:\19\1903020.000\Design\BIM\_Revit\1.0 Project Files\NHR-BVN-MOD-ARC-GEN-00M-NL00900 - CAD LINKS.rvt,163,99_LEVELS AND GRIDS,TRUE
P:\19\1903020.000\Design\BIM\_Revit\1.0 Project Files\NHR-BVN-MOD-ARC-GEN-00M-NL00900 - CAD LINKS.rvt,211,90_LINK_BVN_SITE,FALSE
P:\19\1903020.000\Design\BIM\_Revit\1.0 Project Files\NHR-BVN-MOD-ARC-GEN-00M-NL00900 - CAD LINKS.rvt,232,90_LINK_BVN_BUILDING,FALSE
P:\19\1903020.000\Design\BIM\_Revit\1.0 Project Files\NHR-BVN-MOD-ARC-EBL-00M-NL00003 - EASTBLOCK POINT CLOUDS.rvt,0,90_LINK_BVN_BUILDING,TRUE
P:\19\1903020.000\Design\BIM\_Revit\1.0 Project Files\NHR-BVN-MOD-ARC-EBL-00M-NL00003 - EASTBLOCK POINT CLOUDS.rvt,163,99_LEVELS AND GRIDS,TRUE
P:\19\1903020.000\Design\BIM\_Revit\1.0 Project Files\NHR-BVN-MOD-ARC-EBL-00M-NL00003 - EASTBLOCK POINT CLOUDS.rvt,209,91_LINK_POINT_CLOUD_FACADE,TRUE
P:\19\1903020.000\Design\BIM\_Revit\1.0 Project Files\NHR-BVN-MOD-ARC-EBL-00M-NL00003 - EASTBLOCK POINT CLOUDS.rvt,212,91_LINK_POINT_CLOUD_INTERNAL,TRUE
P:\19\1903020.000\Design\BIM\_Revit\1.0 Project Files\NHR-BVN-MOD-ARC-EBL-00M-NL00002 - EASTBLOCK_REFERENCE.rvt,0,99_LEVELS AND GRIDS,TRUE
P:\19\1903020.000\Design\BIM\_Revit\1.0 Project Files\NHR-BVN-MOD-ARC-EBL-00M-NL00002 - EASTBLOCK_REFERENCE.rvt,160,00_FACADE,TRUE
P:\19\1903020.000\Design\BIM\_Revit\1.0 Project Files\NHR-BVN-MOD-ARC-EBL-00M-NL00002 - EASTBLOCK_REFERENCE.rvt,554,10_STRUCTURE,TRUE
P:\19\1903020.000\Design\BIM\_Revit\1.0 Project Files\NHR-BVN-MOD-ARC-EBL-00M-NL00002 - EASTBLOCK_REFERENCE.rvt,555,20_VERTICAL CIRCULATION,TRUE
P:\19\1903020.000\Design\BIM\_Revit\1.0 Project Files\NHR-BVN-MOD-ARC-EBL-00M-NL00002 - EASTBLOCK_REFERENCE.rvt,556,30_INTERIOR,TRUE
P:\19\1903020.000\Design\BIM\_Revit\1.0 Project Files\NHR-BVN-MOD-ARC-EBL-00M-NL00002 - EASTBLOCK_REFERENCE.rvt,557,40_FF&E,TRUE
P:\19\1903020.000\Design\BIM\_Revit\1.0 Project Files\NHR-BVN-MOD-ARC-EBL-00M-NL00002 - EASTBLOCK_REFERENCE.rvt,558,50_SITE,TRUE
P:\19\1903020.000\Design\BIM\_Revit\1.0 Project Files\NHR-BVN-MOD-ARC-EBL-00M-NL00002 - EASTBLOCK_REFERENCE.rvt,559,51_ENTOURAGE,TRUE
P:\19\1903020.000\Design\BIM\_Revit\1.0 Project Files\NHR-BVN-MOD-ARC-EBL-00M-NL00002 - EASTBLOCK_REFERENCE.rvt,560,60_MASSING,TRUE
P:\19\1903020.000\Design\BIM\_Revit\1.0 Project Files\NHR-BVN-MOD-ARC-EBL-00M-NL00002 - EASTBLOCK_REFERENCE.rvt,561,70_SPARE,TRUE
P:\19\1903020.000\Design\BIM\_Revit\1.0 Project Files\NHR-BVN-MOD-ARC-EBL-00M-NL00002 - EASTBLOCK_REFERENCE.rvt,562,80_SPARE,TRUE
P:\19\1903020.000\Design\BIM\_Revit\1.0 Project Files\NHR-BVN-MOD-ARC-EBL-00M-NL00002 - EASTBLOCK_REFERENCE.rvt,563,90_LINK_BVN_TB1,TRUE
P:\19\1903020.000\Design\BIM\_Revit\1.0 Project Files\NHR-BVN-MOD-ARC-EBL-00M-NL00002 - EASTBLOCK_REFERENCE.rvt,564,90_LINK_BVN_SITE,TRUE
P:\19\1903020.000\Design\BIM\_Revit\1.0 Project Files\NHR-BVN-MOD-ARC-EBL-00M-NL00002 - EASTBLOCK_REFERENCE.rvt,565,91_LINK_CONSULTANT_XXX,TRUE
P:\19\1903020.000\Design\BIM\_Revit\1.0 Project Files\NHR-BVN-MOD-ARC-EBL-00M-NL00002 - EASTBLOCK_REFERENCE.rvt,566,92_LINK_CAD,TRUE
P:\19\1903020.000\Design\BIM\_Revit\1.0 Project Files\NHR-BVN-MOD-ARC-EBL-00M-NL00002 - EASTBLOCK_REFERENCE.rvt,567,90_LINK_BVN_NBL,TRUE
P:\19\1903020.000\Design\BIM\_Revit\1.0 Project Files\NHR-BVN-MOD-ARC-TB2-00M-0000001 - LEVEL 00 01 02 03.rvt,0,99_LEVELS AND GRIDS,TRUE
P:\19\1903020.000\Design\BIM\_Revit\1.0 Project Files\NHR-BVN-MOD-ARC-TB2-00M-0000001 - LEVEL 00 01 02 03.rvt,163,60_MASSING,TRUE
P:\19\1903020.000\Design\BIM\_Revit\1.0 Project Files\NHR-BVN-MOD-ARC-TB2-00M-0000001 - LEVEL 00 01 02 03.rvt,627,10_STRUCTURE,TRUE
P:\19\1903020.000\Design\BIM\_Revit\1.0 Project Files\NHR-BVN-MOD-ARC-TB2-00M-0000001 - LEVEL 00 01 02 03.rvt,628,20_VERTICAL CIRCULATION,TRUE
P:\19\1903020.000\Design\BIM\_Revit\1.0 Project Files\NHR-BVN-MOD-ARC-TB2-00M-0000001 - LEVEL 00 01 02 03.rvt,629,30_INTERIOR,TRUE
P:\19\1903020.000\Design\BIM\_Revit\1.0 Project Files\NHR-BVN-MOD-ARC-TB2-00M-0000001 - LEVEL 00 01 02 03.rvt,630,40_FF&E,TRUE
P:\19\1903020.000\Design\BIM\_Revit\1.0 Project Files\NHR-BVN-MOD-ARC-TB2-00M-0000001 - LEVEL 00 01 02 03.rvt,631,50_SITE,TRUE
P:\19\1903020.000\Design\BIM\_Revit\1.0 Project Files\NHR-BVN-MOD-ARC-TB2-00M-0000001 - LEVEL 00 01 02 03.rvt,632,90_LINK_BVN_BUILDINGS,TRUE
P:\19\1903020.000\Design\BIM\_Revit\1.0 Project Files\NHR-BVN-MOD-ARC-TB2-00M-0000001 - LEVEL 00 01 02 03.rvt,633,90_LINK_BVN_EXISTING BUILDINGS,TRUE
P:\19\1903020.000\Design\BIM\_Revit\1.0 Project Files\NHR-BVN-MOD-ARC-TB2-00M-0000001 - LEVEL 00 01 02 03.rvt,634,90_LINK_BVN_FACADE,TRUE
P:\19\1903020.000\Design\BIM\_Revit\1.0 Project Files\NHR-BVN-MOD-ARC-TB2-00M-0000001 - LEVEL 00 01 02 03.rvt,635,90_LINK_BVN_LIBRARY,TRUE
P:\19\1903020.000\Design\BIM\_Revit\1.0 Project Files\NHR-BVN-MOD-ARC-TB2-00M-0000001 - LEVEL 00 01 02 03.rvt,636,90_LINK_BVN_MASTERPLAN,FALSE
P:\19\1903020.000\Design\BIM\_Revit\1.0 Project Files\NHR-BVN-MOD-ARC-TB2-00M-0000001 - LEVEL 00 01 02 03.rvt,637,90_LINK_BVN_REVIT_CAD,TRUE
P:\19\1903020.000\Design\BIM\_Revit\1.0 Project Files\NHR-BVN-MOD-ARC-TB2-00M-0000001 - LEVEL 00 01 02 03.rvt,638,90_LINK_BVN_SITE,TRUE
P:\19\1903020.000\Design\BIM\_Revit\1.0 Project Files\NHR-BVN-MOD-ARC-TB2-00M-0000001 - LEVEL 00 01 02 03.rvt,639,90_LINK_BVN_STRUCTURAL,TRUE
P:\19\1903020.000\Design\BIM\_Revit\1.0 Project Files\NHR-BVN-MOD-ARC-TB2-00M-0000001 - LEVEL 00 01 02 03.rvt,640,91_LINK_CONSULTANT_CIVIL,FALSE
P:\19\1903020.000\Design\BIM\_Revit\1.0 Project Files\NHR-BVN-MOD-ARC-TB2-00M-0000001 - LEVEL 00 01 02 03.rvt,641,91_LINK_CONSULTANT_DRY FIRE,FALSE
P:\19\1903020.000\Design\BIM\_Revit\1.0 Project Files\NHR-BVN-MOD-ARC-TB2-00M-0000001 - LEVEL 00 01 02 03.rvt,642,91_LINK_CONSULTANT_ELECTRICAL,FALSE
P:\19\1903020.000\Design\BIM\_Revit\1.0 Project Files\NHR-BVN-MOD-ARC-TB2-00M-0000001 - LEVEL 00 01 02 03.rvt,643,91_LINK_CONSULTANT_HYDRAULIC,FALSE
P:\19\1903020.000\Design\BIM\_Revit\1.0 Project Files\NHR-BVN-MOD-ARC-TB2-00M-0000001 - LEVEL 00 01 02 03.rvt,644,91_LINK_CONSULTANT_KITCHEN,FALSE
P:\19\1903020.000\Design\BIM\_Revit\1.0 Project Files\NHR-BVN-MOD-ARC-TB2-00M-0000001 - LEVEL 00 01 02 03.rvt,645,91_LINK_CONSULTANT_LANDSCAPE,FALSE
P:\19\1903020.000\Design\BIM\_Revit\1.0 Project Files\NHR-BVN-MOD-ARC-TB2-00M-0000001 - LEVEL 00 01 02 03.rvt,646,91_LINK_CONSULTANT_MECHANICAL,FALSE
P:\19\1903020.000\Design\BIM\_Revit\1.0 Project Files\NHR-BVN-MOD-ARC-TB2-00M-0000001 - LEVEL 00 01 02 03.rvt,647,91_LINK_CONSULTANT_MEDGAS,FALSE
P:\19\1903020.000\Design\BIM\_Revit\1.0 Project Files\NHR-BVN-MOD-ARC-TB2-00M-0000001 - LEVEL 00 01 02 03.rvt,648,91_LINK_CONSULTANT_PNEUMATIC_TUBE,FALSE
P:\19\1903020.000\Design\BIM\_Revit\1.0 Project Files\NHR-BVN-MOD-ARC-TB2-00M-0000001 - LEVEL 00 01 02 03.rvt,649,91_LINK_CONSULTANT_SIGNAGE,FALSE
P:\19\1903020.000\Design\BIM\_Revit\1.0 Project Files\NHR-BVN-MOD-ARC-TB2-00M-0000001 - LEVEL 00 01 02 03.rvt,650,91_LINK_CONSULTANT_STRUCTURAL,FALSE
P:\19\1903020.000\Design\BIM\_Revit\1.0 Project Files\NHR-BVN-MOD-ARC-TB2-00M-0000001 - LEVEL 00 01 02 03.rvt,651,91_LINK_CONSULTANT_WET FIRE,FALSE
P:\19\1903020.000\Design\BIM\_Revit\1.0 Project Files\NHR-BVN-MOD-ARC-TB2-00M-0000001 - LEVEL 00 01 02 03.rvt,652,00_FACADE,TRUE
P:\19\1903020.000\Design\BIM\_Revit\1.0 Project Files\NHR-BVN-MOD-ARC-TB2-00M-0000001 - LEVEL 00 01 02 03.rvt,1711,40_FF&E IN PROGRESS,TRUE
P:\19\1903020.000\Design\BIM\_Revit\1.0 Project Files\NHR-BVN-MOD-ARC-TB2-00M-0000001 - LEVEL 00 01 02 03.rvt,4508,70_SHAFT COORDINATION,TRUE
P:\19\1903020.000\Design\BIM\_Revit\1.0 Project Files\NHR-BVN-MOD-ARC-TB2-00M-0000001 - LEVEL 00 01 02 03.rvt,5104,90_LINK_BVN_STAGE_1_STRUCTURE AND FACADE,TRUE
P:\19\1903020.000\Design\BIM\_Revit\1.0 Project Files\NHR-BVN-MOD-ARC-TB2-00M-0000001 - LEVEL 00 01 02 03.rvt,7566,61_ENSCAPE_PROPS,TRUE
P:\19\1903020.000\Design\BIM\_Revit\1.0 Project Files\NHR-BVN-MOD-ARC-TB2-00M-0000001 - LEVEL 00 01 02 03.rvt,25754,31_INFILL FLOORS,TRUE
P:\19\1903020.000\Design\BIM\_Revit\1.0 Project Files\NHR-BVN-MOD-ARC-TB2-00M-0400001 - LEVEL 04 05 06 07 08 09.rvt,0,99_LEVELS AND GRIDS,TRUE
P:\19\1903020.000\Design\BIM\_Revit\1.0 Project Files\NHR-BVN-MOD-ARC-TB2-00M-0400001 - LEVEL 04 05 06 07 08 09.rvt,163,60_MASSING,TRUE
P:\19\1903020.000\Design\BIM\_Revit\1.0 Project Files\NHR-BVN-MOD-ARC-TB2-00M-0400001 - LEVEL 04 05 06 07 08 09.rvt,627,10_STRUCTURE,TRUE
P:\19\1903020.000\Design\BIM\_Revit\1.0 Project Files\NHR-BVN-MOD-ARC-TB2-00M-0400001 - LEVEL 04 05 06 07 08 09.rvt,628,20_VERTICAL CIRCULATION,TRUE
P:\19\1903020.000\Design\BIM\_Revit\1.0 Project Files\NHR-BVN-MOD-ARC-TB2-00M-0400001 - LEVEL 04 05 06 07 08 09.rvt,629,30_INTERIOR,TRUE
P:\19\1903020.000\Design\BIM\_Revit\1.0 Project Files\NHR-BVN-MOD-ARC-TB2-00M-0400001 - LEVEL 04 05 06 07 08 09.rvt,630,40_FF&E,TRUE
P:\19\1903020.000\Design\BIM\_Revit\1.0 Project Files\NHR-BVN-MOD-ARC-TB2-00M-0400001 - LEVEL 04 05 06 07 08 09.rvt,631,50_SITE,TRUE
P:\19\1903020.000\Design\BIM\_Revit\1.0 Project Files\NHR-BVN-MOD-ARC-TB2-00M-0400001 - LEVEL 04 05 06 07 08 09.rvt,632,90_LINK_BVN_BUILDINGS,TRUE
P:\19\1903020.000\Design\BIM\_Revit\1.0 Project Files\NHR-BVN-MOD-ARC-TB2-00M-0400001 - LEVEL 04 05 06 07 08 09.rvt,633,90_LINK_BVN_EXISTING BUILDINGS,TRUE
P:\19\1903020.000\Design\BIM\_Revit\1.0 Project Files\NHR-BVN-MOD-ARC-TB2-00M-0400001 - LEVEL 04 05 06 07 08 09.rvt,634,90_LINK_BVN_FACADE,TRUE
P:\19\1903020.000\Design\BIM\_Revit\1.0 Project Files\NHR-BVN-MOD-ARC-TB2-00M-0400001 - LEVEL 04 05 06 07 08 09.rvt,635,90_LINK_BVN_LIBRARY,TRUE
P:\19\1903020.000\Design\BIM\_Revit\1.0 Project Files\NHR-BVN-MOD-ARC-TB2-00M-0400001 - LEVEL 04 05 06 07 08 09.rvt,636,90_LINK_BVN_MASTERPLAN,FALSE
P:\19\1903020.000\Design\BIM\_Revit\1.0 Project Files\NHR-BVN-MOD-ARC-TB2-00M-0400001 - LEVEL 04 05 06 07 08 09.rvt,637,90_LINK_BVN_REVIT_CAD,TRUE
P:\19\1903020.000\Design\BIM\_Revit\1.0 Project Files\NHR-BVN-MOD-ARC-TB2-00M-0400001 - LEVEL 04 05 06 07 08 09.rvt,638,90_LINK_BVN_SITE,TRUE
P:\19\1903020.000\Design\BIM\_Revit\1.0 Project Files\NHR-BVN-MOD-ARC-TB2-00M-0400001 - LEVEL 04 05 06 07 08 09.rvt,639,90_LINK_BVN_STRUCTURAL,TRUE
P:\19\1903020.000\Design\BIM\_Revit\1.0 Project Files\NHR-BVN-MOD-ARC-TB2-00M-0400001 - LEVEL 04 05 06 07 08 09.rvt,640,91_LINK_CONSULTANT_CIVIL,FALSE
P:\19\1903020.000\Design\BIM\_Revit\1.0 Project Files\NHR-BVN-MOD-ARC-TB2-00M-0400001 - LEVEL 04 05 06 07 08 09.rvt,641,91_LINK_CONSULTANT_DRY FIRE,FALSE
P:\19\1903020.000\Design\BIM\_Revit\1.0 Project Files\NHR-BVN-MOD-ARC-TB2-00M-0400001 - LEVEL 04 05 06 07 08 09.rvt,642,91_LINK_CONSULTANT_ELECTRICAL,FALSE
P:\19\1903020.000\Design\BIM\_Revit\1.0 Project Files\NHR-BVN-MOD-ARC-TB2-00M-0400001 - LEVEL 04 05 06 07 08 09.rvt,643,91_LINK_CONSULTANT_HYDRAULIC,FALSE
P:\19\1903020.000\Design\BIM\_Revit\1.0 Project Files\NHR-BVN-MOD-ARC-TB2-00M-0400001 - LEVEL 04 05 06 07 08 09.rvt,644,91_LINK_CONSULTANT_KITCHEN,FALSE
P:\19\1903020.000\Design\BIM\_Revit\1.0 Project Files\NHR-BVN-MOD-ARC-TB2-00M-0400001 - LEVEL 04 05 06 07 08 09.rvt,645,91_LINK_CONSULTANT_LANDSCAPE,FALSE
P:\19\1903020.000\Design\BIM\_Revit\1.0 Project Files\NHR-BVN-MOD-ARC-TB2-00M-0400001 - LEVEL 04 05 06 07 08 09.rvt,646,91_LINK_CONSULTANT_MECHANICAL,FALSE
P:\19\1903020.000\Design\BIM\_Revit\1.0 Project Files\NHR-BVN-MOD-ARC-TB2-00M-0400001 - LEVEL 04 05 06 07 08 09.rvt,647,91_LINK_CONSULTANT_MEDGAS,FALSE
P:\19\1903020.000\Design\BIM\_Revit\1.0 Project Files\NHR-BVN-MOD-ARC-TB2-00M-0400001 - LEVEL 04 05 06 07 08 09.rvt,648,91_LINK_CONSULTANT_PNEUMATIC_TUBE,FALSE
P:\19\1903020.000\Design\BIM\_Revit\1.0 Project Files\NHR-BVN-MOD-ARC-TB2-00M-0400001 - LEVEL 04 05 06 07 08 09.rvt,649,91_LINK_CONSULTANT_SIGNAGE,FALSE
P:\19\1903020.000\Design\BIM\_Revit\1.0 Project Files\NHR-BVN-MOD-ARC-TB2-00M-0400001 - LEVEL 04 05 06 07 08 09.rvt,650,91_LINK_CONSULTANT_STRUCTURAL,FALSE
P:\19\1903020.000\Design\BIM\_Revit\1.0 Project Files\NHR-BVN-MOD-ARC-TB2-00M-0400001 - LEVEL 04 05 06 07 08 09.rvt,651,91_LINK_CONSULTANT_WET FIRE,FALSE
P:\19\1903020.000\Design\BIM\_Revit\1.0 Project Files\NHR-BVN-MOD-ARC-TB2-00M-0400001 - LEVEL 04 05 06 07 08 09.rvt,652,00_FACADE,TRUE
P:\19\1903020.000\Design\BIM\_Revit\1.0 Project Files\NHR-BVN-MOD-ARC-TB2-00M-0400001 - LEVEL 04 05 06 07 08 09.rvt,1711,40_FF&E IN PROGRESS,TRUE
P:\19\1903020.000\Design\BIM\_Revit\1.0 Project Files\NHR-BVN-MOD-ARC-TB2-00M-0400001 - LEVEL 04 05 06 07 08 09.rvt,4508,70_SHAFT COORDINATION,TRUE
P:\19\1903020.000\Design\BIM\_Revit\1.0 Project Files\NHR-BVN-MOD-ARC-TB2-00M-0400001 - LEVEL 04 05 06 07 08 09.rvt,5104,90_LINK_BVN_STAGE_1_STRUCTURE AND FACADE,TRUE
P:\19\1903020.000\Design\BIM\_Revit\1.0 Project Files\NHR-BVN-MOD-ARC-TB2-00M-0400001 - LEVEL 04 05 06 07 08 09.rvt,7566,61_ENSCAPE_PROPS,TRUE
P:\19\1903020.000\Design\BIM\_Revit\1.0 Project Files\NHR-BVN-MOD-ARC-TB2-00M-0400001 - LEVEL 04 05 06 07 08 09.rvt,25754,31_INFILL FLOORS,TRUE
P:\19\1903020.000\Design\BIM\_Revit\1.0 Project Files\NHR-BVN-MOD-ARC-GEN-00M-NL00000 - STAGE TWO SSDA.rvt,0,99_LEVELS AND GRIDS,TRUE
P:\19\1903020.000\Design\BIM\_Revit\1.0 Project Files\NHR-BVN-MOD-ARC-GEN-00M-NL00000 - STAGE TWO SSDA.rvt,163,60_MASSING,TRUE
P:\19\1903020.000\Design\BIM\_Revit\1.0 Project Files\NHR-BVN-MOD-ARC-GEN-00M-NL00000 - STAGE TWO SSDA.rvt,627,10_STRUCTURE,TRUE
P:\19\1903020.000\Design\BIM\_Revit\1.0 Project Files\NHR-BVN-MOD-ARC-GEN-00M-NL00000 - STAGE TWO SSDA.rvt,628,20_VERTICAL CIRCULATION,TRUE
P:\19\1903020.000\Design\BIM\_Revit\1.0 Project Files\NHR-BVN-MOD-ARC-GEN-00M-NL00000 - STAGE TWO SSDA.rvt,629,30_INTERIOR,TRUE
P:\19\1903020.000\Design\BIM\_Revit\1.0 Project Files\NHR-BVN-MOD-ARC-GEN-00M-NL00000 - STAGE TWO SSDA.rvt,630,40_FF&E,TRUE
P:\19\1903020.000\Design\BIM\_Revit\1.0 Project Files\NHR-BVN-MOD-ARC-GEN-00M-NL00000 - STAGE TWO SSDA.rvt,631,50_SITE,TRUE
P:\19\1903020.000\Design\BIM\_Revit\1.0 Project Files\NHR-BVN-MOD-ARC-GEN-00M-NL00000 - STAGE TWO SSDA.rvt,632,90_LINK_BVN_STAGE_1_LEVELS,TRUE
P:\19\1903020.000\Design\BIM\_Revit\1.0 Project Files\NHR-BVN-MOD-ARC-GEN-00M-NL00000 - STAGE TWO SSDA.rvt,633,90_LINK_BVN_EXISTING BUILDINGS,TRUE
P:\19\1903020.000\Design\BIM\_Revit\1.0 Project Files\NHR-BVN-MOD-ARC-GEN-00M-NL00000 - STAGE TWO SSDA.rvt,634,90_LINK_BVN_STAGE_1_FACADE,TRUE
P:\19\1903020.000\Design\BIM\_Revit\1.0 Project Files\NHR-BVN-MOD-ARC-GEN-00M-NL00000 - STAGE TWO SSDA.rvt,636,90_LINK_BVN_MASTERPLAN,TRUE
P:\19\1903020.000\Design\BIM\_Revit\1.0 Project Files\NHR-BVN-MOD-ARC-GEN-00M-NL00000 - STAGE TWO SSDA.rvt,637,90_LINK_BVN_REVIT_CAD,TRUE
P:\19\1903020.000\Design\BIM\_Revit\1.0 Project Files\NHR-BVN-MOD-ARC-GEN-00M-NL00000 - STAGE TWO SSDA.rvt,638,90_LINK_BVN_SITE,TRUE
P:\19\1903020.000\Design\BIM\_Revit\1.0 Project Files\NHR-BVN-MOD-ARC-GEN-00M-NL00000 - STAGE TWO SSDA.rvt,639,90_LINK_BVN_STAGE_1_STRUCTURAL,TRUE
P:\19\1903020.000\Design\BIM\_Revit\1.0 Project Files\NHR-BVN-MOD-ARC-GEN-00M-NL00000 - STAGE TWO SSDA.rvt,652,00_FACADE,TRUE
P:\19\1903020.000\Design\BIM\_Revit\1.0 Project Files\NHR-BVN-MOD-ARC-GEN-00M-NL00000 - STAGE TWO SSDA.rvt,1740,90_LINK_BVN_STAGE_2_LEVELS,TRUE
P:\19\1903020.000\Design\BIM\_Revit\1.0 Project Files\NHR-BVN-MOD-ARC-GEN-00M-NL00000 - STAGE TWO SSDA.rvt,1741,90_LINK_BVN_STAGE_2_FACADE,TRUE
P:\19\1903020.000\Design\BIM\_Revit\1.0 Project Files\NHR-BVN-MOD-ARC-GEN-00M-NL00000 - STAGE TWO SSDA.rvt,1742,90_LINK_BVN_REFURB,TRUE
P:\19\1903020.000\Design\BIM\_Revit\1.0 Project Files\NHR-BVN-MOD-ARC-GEN-00M-NL00000 - STAGE TWO SSDA.rvt,1745,90_LINK_BVN_CARPARK,TRUE
P:\19\1903020.000\Design\BIM\_Revit\1.0 Project Files\NHR-BVN-MOD-ARC-TRE-00M-NL00001 - TRESILLIAN.rvt,0,99_LEVELS AND GRIDS,TRUE
P:\19\1903020.000\Design\BIM\_Revit\1.0 Project Files\NHR-BVN-MOD-ARC-TRE-00M-NL00001 - TRESILLIAN.rvt,163,60_MASSING,TRUE
P:\19\1903020.000\Design\BIM\_Revit\1.0 Project Files\NHR-BVN-MOD-ARC-TRE-00M-NL00001 - TRESILLIAN.rvt,636,00_FACADE,TRUE
P:\19\1903020.000\Design\BIM\_Revit\1.0 Project Files\NHR-BVN-MOD-ARC-TRE-00M-NL00001 - TRESILLIAN.rvt,637,10_STRUCTURE,TRUE
P:\19\1903020.000\Design\BIM\_Revit\1.0 Project Files\NHR-BVN-MOD-ARC-TRE-00M-NL00001 - TRESILLIAN.rvt,638,20_VERTICAL CIRCULATION,TRUE
P:\19\1903020.000\Design\BIM\_Revit\1.0 Project Files\NHR-BVN-MOD-ARC-TRE-00M-NL00001 - TRESILLIAN.rvt,639,30_INTERIOR,TRUE
P:\19\1903020.000\Design\BIM\_Revit\1.0 Project Files\NHR-BVN-MOD-ARC-TRE-00M-NL00001 - TRESILLIAN.rvt,640,40_FF&E,TRUE
P:\19\1903020.000\Design\BIM\_Revit\1.0 Project Files\NHR-BVN-MOD-ARC-TRE-00M-NL00001 - TRESILLIAN.rvt,641,50_SITE,TRUE
P:\19\1903020.000\Design\BIM\_Revit\1.0 Project Files\NHR-BVN-MOD-ARC-TRE-00M-NL00001 - TRESILLIAN.rvt,642,90_LINK_BVN_XXX,TRUE
P:\19\1903020.000\Design\BIM\_Revit\1.0 Project Files\NHR-BVN-MOD-ARC-TRE-00M-NL00001 - TRESILLIAN.rvt,643,91_LINK_CONSULTANT_XXX,FALSE
P:\19\1903020.000\Design\BIM\_Revit\1.0 Project Files\NHR-BVN-MOD-ARC-TRE-00M-NL00001 - TRESILLIAN.rvt,644,92_LINK_CAD,TRUE
P:\19\1903020.000\Design\BIM\_Revit\1.0 Project Files\NHR-BVN-MOD-ARC-TRE-00M-NL00001 - TRESILLIAN.rvt,645,98_SCOPEBOXES,TRUE
P:\19\1903020.000\Design\BIM\_Revit\1.0 Project Files\NHR-BVN-MOD-ARC-TRE-00M-NL00001 - TRESILLIAN.rvt,648,90_LINK_BVN_DWG,TRUE
P:\19\1903020.000\Design\BIM\_Revit\1.0 Project Files\NHR-BVN-MOD-ARC-TRE-00M-NL00001 - TRESILLIAN.rvt,1683,90_LINK_BVN_SITE,TRUE
P:\19\1903020.000\Design\BIM\_Revit\1.0 Project Files\NHR-BVN-MOD-ARC-GEN-00M-NL00001 - SITE.rvt,0,50_SITE,TRUE
P:\19\1903020.000\Design\BIM\_Revit\1.0 Project Files\NHR-BVN-MOD-ARC-GEN-00M-NL00001 - SITE.rvt,157,99_LEVELS AND GRIDS,TRUE
P:\19\1903020.000\Design\BIM\_Revit\1.0 Project Files\NHR-BVN-MOD-ARC-GEN-00M-NL00001 - SITE.rvt,604,98_LINK_MASTERPLAN,TRUE
P:\19\1903020.000\Design\BIM\_Revit\1.0 Project Files\NHR-BVN-MOD-ARC-GEN-00M-NL00001 - SITE.rvt,605,98_LINK_CARPARK,FALSE
P:\19\1903020.000\Design\BIM\_Revit\1.0 Project Files\NHR-BVN-MOD-ARC-GEN-00M-NL00001 - SITE.rvt,606,98_LINK_DWGs,TRUE
P:\19\1903020.000\Design\BIM\_Revit\1.0 Project Files\NHR-BVN-MOD-ARC-GEN-00M-NL00001 - SITE.rvt,1081,90_LINK_BVN_BUILDINGS,TRUE
P:\19\1903020.000\Design\BIM\_Revit\1.0 Project Files\NHR-BVN-MOD-ARC-GEN-00M-NL00001 - SITE.rvt,1229,51_SITE CONTEXT,TRUE
P:\19\1903020.000\Design\BIM\_Revit\1.0 Project Files\NHR-BVN-MOD-ARC-GEN-00M-NL00001 - SITE.rvt,1362,98_LINK_DEMOUNTABLE,FALSE
P:\19\1903020.000\Design\BIM\_Revit\1.0 Project Files\NHR-BVN-MOD-ARC-GEN-00M-NL00001 - SITE.rvt,1562,98_LINK FACADE,TRUE
P:\19\1903020.000\Design\BIM\_Revit\1.0 Project Files\NHR-BVN-MOD-ARC-GEN-00M-NL00001 - SITE.rvt,1615,98_LINK_STAGE 2,TRUE
P:\19\1903020.000\Design\BIM\_Revit\1.0 Project Files\NHR-BVN-MOD-ARC-GEN-00M-NL00001 - SITE.rvt,2049,98_LINK_BUILDING,TRUE
P:\19\1903020.000\Design\BIM\_Revit\1.0 Project Files\NHR-BVN-MOD-ARC-GEN-00M-NL00001 - SITE.rvt,3276,98_LINK_PATHOLOGY,TRUE
P:\19\1903020.000\Design\BIM\_Revit\1.0 Project Files\NHR-BVN-MOD-ARC-GEN-00M-NL00001 - SITE.rvt,3279,98_LINK_STRUCTURE STAGE 1,TRUE
P:\19\1903020.000\Design\BIM\_Revit\1.0 Project Files\NHR-BVN-MOD-ARC-GEN-00M-NL00001 - SITE.rvt,3285,98_EAST BLOCK SURVEY,FALSE
P:\19\1903020.000\Design\BIM\_Revit\1.0 Project Files\NHR-BVN-MOD-ARC-TB2-00M-NL00001 - TOWER TWO - INTERIOR TEST.rvt,0,99_LEVELS AND GRIDS,TRUE
P:\19\1903020.000\Design\BIM\_Revit\1.0 Project Files\NHR-BVN-MOD-ARC-TB2-00M-NL00001 - TOWER TWO - INTERIOR TEST.rvt,163,60_MASSING,TRUE
P:\19\1903020.000\Design\BIM\_Revit\1.0 Project Files\NHR-BVN-MOD-ARC-TB2-00M-NL00001 - TOWER TWO - INTERIOR TEST.rvt,627,10_STRUCTURE,TRUE
P:\19\1903020.000\Design\BIM\_Revit\1.0 Project Files\NHR-BVN-MOD-ARC-TB2-00M-NL00001 - TOWER TWO - INTERIOR TEST.rvt,628,20_VERTICAL CIRCULATION,TRUE
P:\19\1903020.000\Design\BIM\_Revit\1.0 Project Files\NHR-BVN-MOD-ARC-TB2-00M-NL00001 - TOWER TWO - INTERIOR TEST.rvt,629,30_INTERIOR,TRUE
P:\19\1903020.000\Design\BIM\_Revit\1.0 Project Files\NHR-BVN-MOD-ARC-TB2-00M-NL00001 - TOWER TWO - INTERIOR TEST.rvt,630,40_FF&E,TRUE
P:\19\1903020.000\Design\BIM\_Revit\1.0 Project Files\NHR-BVN-MOD-ARC-TB2-00M-NL00001 - TOWER TWO - INTERIOR TEST.rvt,631,50_SITE,TRUE
P:\19\1903020.000\Design\BIM\_Revit\1.0 Project Files\NHR-BVN-MOD-ARC-TB2-00M-NL00001 - TOWER TWO - INTERIOR TEST.rvt,632,90_LINK_BVN_BUILDINGS,TRUE
P:\19\1903020.000\Design\BIM\_Revit\1.0 Project Files\NHR-BVN-MOD-ARC-TB2-00M-NL00001 - TOWER TWO - INTERIOR TEST.rvt,633,90_LINK_BVN_EXISTING BUILDINGS,TRUE
P:\19\1903020.000\Design\BIM\_Revit\1.0 Project Files\NHR-BVN-MOD-ARC-TB2-00M-NL00001 - TOWER TWO - INTERIOR TEST.rvt,634,90_LINK_BVN_FACADE,TRUE
P:\19\1903020.000\Design\BIM\_Revit\1.0 Project Files\NHR-BVN-MOD-ARC-TB2-00M-NL00001 - TOWER TWO - INTERIOR TEST.rvt,635,90_LINK_BVN_LIBRARY,FALSE
P:\19\1903020.000\Design\BIM\_Revit\1.0 Project Files\NHR-BVN-MOD-ARC-TB2-00M-NL00001 - TOWER TWO - INTERIOR TEST.rvt,636,90_LINK_BVN_MASTERPLAN,TRUE
P:\19\1903020.000\Design\BIM\_Revit\1.0 Project Files\NHR-BVN-MOD-ARC-TB2-00M-NL00001 - TOWER TWO - INTERIOR TEST.rvt,637,90_LINK_BVN_REVIT_CAD,FALSE
P:\19\1903020.000\Design\BIM\_Revit\1.0 Project Files\NHR-BVN-MOD-ARC-TB2-00M-NL00001 - TOWER TWO - INTERIOR TEST.rvt,638,90_LINK_BVN_SITE,TRUE
P:\19\1903020.000\Design\BIM\_Revit\1.0 Project Files\NHR-BVN-MOD-ARC-TB2-00M-NL00001 - TOWER TWO - INTERIOR TEST.rvt,639,90_LINK_BVN_STRUCTURAL,TRUE
P:\19\1903020.000\Design\BIM\_Revit\1.0 Project Files\NHR-BVN-MOD-ARC-TB2-00M-NL00001 - TOWER TWO - INTERIOR TEST.rvt,640,91_LINK_CONSULTANT_CIVIL,FALSE
P:\19\1903020.000\Design\BIM\_Revit\1.0 Project Files\NHR-BVN-MOD-ARC-TB2-00M-NL00001 - TOWER TWO - INTERIOR TEST.rvt,641,91_LINK_CONSULTANT_DRY FIRE,FALSE
P:\19\1903020.000\Design\BIM\_Revit\1.0 Project Files\NHR-BVN-MOD-ARC-TB2-00M-NL00001 - TOWER TWO - INTERIOR TEST.rvt,642,91_LINK_CONSULTANT_ELECTRICAL,FALSE
P:\19\1903020.000\Design\BIM\_Revit\1.0 Project Files\NHR-BVN-MOD-ARC-TB2-00M-NL00001 - TOWER TWO - INTERIOR TEST.rvt,643,91_LINK_CONSULTANT_HYDRAULIC,FALSE
P:\19\1903020.000\Design\BIM\_Revit\1.0 Project Files\NHR-BVN-MOD-ARC-TB2-00M-NL00001 - TOWER TWO - INTERIOR TEST.rvt,644,91_LINK_CONSULTANT_KITCHEN,FALSE
P:\19\1903020.000\Design\BIM\_Revit\1.0 Project Files\NHR-BVN-MOD-ARC-TB2-00M-NL00001 - TOWER TWO - INTERIOR TEST.rvt,645,91_LINK_CONSULTANT_LANDSCAPE,FALSE
P:\19\1903020.000\Design\BIM\_Revit\1.0 Project Files\NHR-BVN-MOD-ARC-TB2-00M-NL00001 - TOWER TWO - INTERIOR TEST.rvt,646,91_LINK_CONSULTANT_MECHANICAL,FALSE
P:\19\1903020.000\Design\BIM\_Revit\1.0 Project Files\NHR-BVN-MOD-ARC-TB2-00M-NL00001 - TOWER TWO - INTERIOR TEST.rvt,647,91_LINK_CONSULTANT_MEDGAS,FALSE
P:\19\1903020.000\Design\BIM\_Revit\1.0 Project Files\NHR-BVN-MOD-ARC-TB2-00M-NL00001 - TOWER TWO - INTERIOR TEST.rvt,648,91_LINK_CONSULTANT_PNEUMATIC_TUBE,FALSE
P:\19\1903020.000\Design\BIM\_Revit\1.0 Project Files\NHR-BVN-MOD-ARC-TB2-00M-NL00001 - TOWER TWO - INTERIOR TEST.rvt,649,91_LINK_CONSULTANT_SIGNAGE,FALSE
P:\19\1903020.000\Design\BIM\_Revit\1.0 Project Files\NHR-BVN-MOD-ARC-TB2-00M-NL00001 - TOWER TWO - INTERIOR TEST.rvt,650,91_LINK_CONSULTANT_STRUCTURAL,FALSE
P:\19\1903020.000\Design\BIM\_Revit\1.0 Project Files\NHR-BVN-MOD-ARC-TB2-00M-NL00001 - TOWER TWO - INTERIOR TEST.rvt,651,91_LINK_CONSULTANT_WET FIRE,FALSE
P:\19\1903020.000\Design\BIM\_Revit\1.0 Project Files\NHR-BVN-MOD-ARC-TB2-00M-NL00001 - TOWER TWO - INTERIOR TEST.rvt,652,00_FACADE,TRUE
P:\19\1903020.000\Design\BIM\_Revit\1.0 Project Files\NHR-BVN-MOD-ARC-TB2-00M-NL00001 - TOWER TWO - INTERIOR TEST.rvt,1711,40_FF&E IN PROGRESS,TRUE
P:\19\1903020.000\Design\BIM\_Revit\1.0 Project Files\NHR-BVN-MOD-ARC-TB2-00M-NL00001 - TOWER TWO - INTERIOR TEST.rvt,4411,70_ENSCAPE,TRUE
P:\19\1903020.000\Design\BIM\_Revit\1.0 Project Files\NHR-BVN-MOD-ARC-NBL-00M-NL00001 - NORTHBLOCK.rvt,0,99_LEVELS AND GRIDS,TRUE
P:\19\1903020.000\Design\BIM\_Revit\1.0 Project Files\NHR-BVN-MOD-ARC-NBL-00M-NL00001 - NORTHBLOCK.rvt,163,60_MASSING,TRUE
P:\19\1903020.000\Design\BIM\_Revit\1.0 Project Files\NHR-BVN-MOD-ARC-NBL-00M-NL00001 - NORTHBLOCK.rvt,627,10_STRUCTURE,TRUE
P:\19\1903020.000\Design\BIM\_Revit\1.0 Project Files\NHR-BVN-MOD-ARC-NBL-00M-NL00001 - NORTHBLOCK.rvt,628,20_VERTICAL CIRCULATION,TRUE
P:\19\1903020.000\Design\BIM\_Revit\1.0 Project Files\NHR-BVN-MOD-ARC-NBL-00M-NL00001 - NORTHBLOCK.rvt,629,30_INTERIOR,TRUE
P:\19\1903020.000\Design\BIM\_Revit\1.0 Project Files\NHR-BVN-MOD-ARC-NBL-00M-NL00001 - NORTHBLOCK.rvt,630,40_FF&E,TRUE
P:\19\1903020.000\Design\BIM\_Revit\1.0 Project Files\NHR-BVN-MOD-ARC-NBL-00M-NL00001 - NORTHBLOCK.rvt,631,50_SITE,TRUE
P:\19\1903020.000\Design\BIM\_Revit\1.0 Project Files\NHR-BVN-MOD-ARC-NBL-00M-NL00001 - NORTHBLOCK.rvt,632,90_LINK_BVN_BUILDINGS,TRUE
P:\19\1903020.000\Design\BIM\_Revit\1.0 Project Files\NHR-BVN-MOD-ARC-NBL-00M-NL00001 - NORTHBLOCK.rvt,633,90_LINK_BVN_EXISTING BUILDINGS,TRUE
P:\19\1903020.000\Design\BIM\_Revit\1.0 Project Files\NHR-BVN-MOD-ARC-NBL-00M-NL00001 - NORTHBLOCK.rvt,634,90_LINK_BVN_FACADE,TRUE
P:\19\1903020.000\Design\BIM\_Revit\1.0 Project Files\NHR-BVN-MOD-ARC-NBL-00M-NL00001 - NORTHBLOCK.rvt,635,90_LINK_BVN_LIBRARY,FALSE
P:\19\1903020.000\Design\BIM\_Revit\1.0 Project Files\NHR-BVN-MOD-ARC-NBL-00M-NL00001 - NORTHBLOCK.rvt,636,90_LINK_BVN_MASTERPLAN,TRUE
P:\19\1903020.000\Design\BIM\_Revit\1.0 Project Files\NHR-BVN-MOD-ARC-NBL-00M-NL00001 - NORTHBLOCK.rvt,637,90_LINK_BVN_REVIT_CAD,TRUE
P:\19\1903020.000\Design\BIM\_Revit\1.0 Project Files\NHR-BVN-MOD-ARC-NBL-00M-NL00001 - NORTHBLOCK.rvt,638,90_LINK_BVN_SITE,TRUE
P:\19\1903020.000\Design\BIM\_Revit\1.0 Project Files\NHR-BVN-MOD-ARC-NBL-00M-NL00001 - NORTHBLOCK.rvt,639,90_LINK_BVN_STRUCTURAL,TRUE
P:\19\1903020.000\Design\BIM\_Revit\1.0 Project Files\NHR-BVN-MOD-ARC-NBL-00M-NL00001 - NORTHBLOCK.rvt,640,91_LINK_CONSULTANT_CIVIL,FALSE
P:\19\1903020.000\Design\BIM\_Revit\1.0 Project Files\NHR-BVN-MOD-ARC-NBL-00M-NL00001 - NORTHBLOCK.rvt,641,91_LINK_CONSULTANT_DRY FIRE,FALSE
P:\19\1903020.000\Design\BIM\_Revit\1.0 Project Files\NHR-BVN-MOD-ARC-NBL-00M-NL00001 - NORTHBLOCK.rvt,642,91_LINK_CONSULTANT_ELECTRICAL,FALSE
P:\19\1903020.000\Design\BIM\_Revit\1.0 Project Files\NHR-BVN-MOD-ARC-NBL-00M-NL00001 - NORTHBLOCK.rvt,643,91_LINK_CONSULTANT_HYDRAULIC,FALSE
P:\19\1903020.000\Design\BIM\_Revit\1.0 Project Files\NHR-BVN-MOD-ARC-NBL-00M-NL00001 - NORTHBLOCK.rvt,644,91_LINK_CONSULTANT_KITCHEN,FALSE
P:\19\1903020.000\Design\BIM\_Revit\1.0 Project Files\NHR-BVN-MOD-ARC-NBL-00M-NL00001 - NORTHBLOCK.rvt,645,91_LINK_CONSULTANT_LANDSCAPE,FALSE
P:\19\1903020.000\Design\BIM\_Revit\1.0 Project Files\NHR-BVN-MOD-ARC-NBL-00M-NL00001 - NORTHBLOCK.rvt,646,91_LINK_CONSULTANT_MECHANICAL,FALSE
P:\19\1903020.000\Design\BIM\_Revit\1.0 Project Files\NHR-BVN-MOD-ARC-NBL-00M-NL00001 - NORTHBLOCK.rvt,647,91_LINK_CONSULTANT_MEDGAS,FALSE
P:\19\1903020.000\Design\BIM\_Revit\1.0 Project Files\NHR-BVN-MOD-ARC-NBL-00M-NL00001 - NORTHBLOCK.rvt,648,91_LINK_CONSULTANT_PNEUMATIC_TUBE,FALSE
P:\19\1903020.000\Design\BIM\_Revit\1.0 Project Files\NHR-BVN-MOD-ARC-NBL-00M-NL00001 - NORTHBLOCK.rvt,649,91_LINK_CONSULTANT_SIGNAGE,FALSE
P:\19\1903020.000\Design\BIM\_Revit\1.0 Project Files\NHR-BVN-MOD-ARC-NBL-00M-NL00001 - NORTHBLOCK.rvt,650,91_LINK_CONSULTANT_STRUCTURAL,FALSE
P:\19\1903020.000\Design\BIM\_Revit\1.0 Project Files\NHR-BVN-MOD-ARC-NBL-00M-NL00001 - NORTHBLOCK.rvt,651,91_LINK_CONSULTANT_WET FIRE,FALSE
P:\19\1903020.000\Design\BIM\_Revit\1.0 Project Files\NHR-BVN-MOD-ARC-NBL-00M-NL00001 - NORTHBLOCK.rvt,652,00_FACADE,TRUE
P:\19\1903020.000\Design\BIM\_Revit\1.0 Project Files\NHR-BVN-MOD-ARC-NBL-00M-NL00001 - NORTHBLOCK.rvt,1362,40_FF&E IN PROGRESS,TRUE
P:\19\1903020.000\Design\BIM\_Revit\1.0 Project Files\NHR-BVN-MOD-ARC-NBL-00M-NL00001 - NORTHBLOCK.rvt,4523,70_SHAFT COORDINATION,FALSE
P:\19\1903020.000\Design\BIM\_Revit\1.0 Project Files\NHR-BVN-MOD-ARC-NBL-00M-NL00001 - NORTHBLOCK.rvt,4724,90_LINK_BVN_STAGE_ONE,TRUE
P:\19\1903020.000\Design\BIM\_Revit\1.0 Project Files\NHR-BVN-MOD-ARC-NBL-00M-NL00001 - NORTHBLOCK.rvt,5077,91_LINK_CONSULTANT_SURVEY,FALSE
P:\19\1903020.000\Design\BIM\_Revit\1.0 Project Files\NHR-BVN-MOD-ARC-NBL-00M-NL00001 - NORTHBLOCK.rvt,5756,31_INFILL FLOORS,TRUE
P:\19\1903020.000\Design\BIM\_Revit\1.0 Project Files\NHR-BVN-MOD-ARC-TB2-00M-NL00100 - FACADE.rvt,0,60_MASSING,TRUE
P:\19\1903020.000\Design\BIM\_Revit\1.0 Project Files\NHR-BVN-MOD-ARC-TB2-00M-NL00100 - FACADE.rvt,160,99_LEVELS AND GRIDS,TRUE
P:\19\1903020.000\Design\BIM\_Revit\1.0 Project Files\NHR-BVN-MOD-ARC-TB2-00M-NL00100 - FACADE.rvt,593,00_FACADE,TRUE
P:\19\1903020.000\Design\BIM\_Revit\1.0 Project Files\NHR-BVN-MOD-ARC-TB2-00M-NL00100 - FACADE.rvt,594,10_STRUCTURE,TRUE
P:\19\1903020.000\Design\BIM\_Revit\1.0 Project Files\NHR-BVN-MOD-ARC-TB2-00M-NL00100 - FACADE.rvt,595,20_VERTICAL CIRCULATION,TRUE
P:\19\1903020.000\Design\BIM\_Revit\1.0 Project Files\NHR-BVN-MOD-ARC-TB2-00M-NL00100 - FACADE.rvt,596,30_INTERIOR,TRUE
P:\19\1903020.000\Design\BIM\_Revit\1.0 Project Files\NHR-BVN-MOD-ARC-TB2-00M-NL00100 - FACADE.rvt,597,40_FF&E,TRUE
P:\19\1903020.000\Design\BIM\_Revit\1.0 Project Files\NHR-BVN-MOD-ARC-TB2-00M-NL00100 - FACADE.rvt,598,50_SITE,TRUE
P:\19\1903020.000\Design\BIM\_Revit\1.0 Project Files\NHR-BVN-MOD-ARC-TB2-00M-NL00100 - FACADE.rvt,1927,90_LINK_BVN_REVIT_CAD,TRUE
P:\19\1903020.000\Design\BIM\_Revit\1.0 Project Files\NHR-BVN-MOD-ARC-TB2-00M-NL00100 - FACADE.rvt,1928,90_LINK_BVN_SITE,TRUE
P:\19\1903020.000\Design\BIM\_Revit\1.0 Project Files\NHR-BVN-MOD-ARC-TB2-00M-NL00100 - FACADE.rvt,3941,90_LINK_BVN_MASTERPLAN,TRUE
P:\19\1903020.000\Design\BIM\_Revit\1.0 Project Files\NHR-BVN-MOD-ARC-TB2-00M-NL00100 - FACADE.rvt,5507,90_LINK_BVN_CARPARK,TRUE
P:\19\1903020.000\Design\BIM\_Revit\1.0 Project Files\NHR-BVN-MOD-ARC-TB2-00M-NL00100 - FACADE.rvt,7861,90_LINK_BVN_EAST BLOCK,TRUE
P:\19\1903020.000\Design\BIM\_Revit\1.0 Project Files\NHR-BVN-MOD-ARC-TB2-00M-NL00100 - FACADE.rvt,7957,90_LINK_BVN_NORTH BLOCK,FALSE
P:\19\1903020.000\Design\BIM\_Revit\1.0 Project Files\NHR-BVN-MOD-ARC-TB2-00M-NL00100 - FACADE.rvt,12469,90_LINK_BVN_STRUCTURAL,TRUE
P:\19\1903020.000\Design\BIM\_Revit\1.0 Project Files\NHR-BVN-MOD-ARC-TB2-00M-NL00100 - FACADE.rvt,12588,90_LINK_BVN_BUILDINGS,TRUE
P:\19\1903020.000\Design\BIM\_Revit\1.0 Project Files\NHR-BVN-MOD-ARC-TB2-00M-NL00100 - FACADE.rvt,27798,90_LINK_BVN_STAGE 2,TRUE
P:\19\1903020.000\Design\BIM\_Revit\1.0 Project Files\NHR-BVN-MOD-ARC-TB2-00M-NL00100 - FACADE.rvt,27899,90_LINK_BVN_FACADE STAGE 1,TRUE
P:\19\1903020.000\Design\BIM\_Revit\1.0 Project Files\NHR-BVN-MOD-ARC-TB2-00M-NL00100 - FACADE.rvt,28637,90_LINK_BVN_FOH,FALSE
P:\19\1903020.000\Design\BIM\_Revit\1.0 Project Files\NHR-BVN-MOD-ARC-TB2-00M-NL00100 - FACADE.rvt,34487,91_LINK_CONSULTANT_STRUCTURAL,FALSE
P:\19\1903020.000\Design\BIM\_Revit\1.0 Project Files\NHR-BVN-MOD-ARC-TB2-00M-NL00100 - FACADE.rvt,34579,91_LINK_CONSULTANT_MECHANICAL,FALSE
P:\19\1903020.000\Design\BIM\_Revit\1.0 Project Files\NHR-BVN-MOD-ARC-TB2-00M-NL00100 - FACADE.rvt,34623,91_LINK_CONSULTANT_ELECTRICAL,FALSE
P:\19\1903020.000\Design\BIM\_Revit\1.0 Project Files\NHR-BVN-MOD-ARC-TB2-00M-NL00200 - STRUCTURAL.rvt,0,99_LEVELS AND GRIDS,TRUE
P:\19\1903020.000\Design\BIM\_Revit\1.0 Project Files\NHR-BVN-MOD-ARC-TB2-00M-NL00200 - STRUCTURAL.rvt,163,60_MASSING,TRUE
P:\19\1903020.000\Design\BIM\_Revit\1.0 Project Files\NHR-BVN-MOD-ARC-TB2-00M-NL00200 - STRUCTURAL.rvt,627,10_STRUCTURE,TRUE
P:\19\1903020.000\Design\BIM\_Revit\1.0 Project Files\NHR-BVN-MOD-ARC-TB2-00M-NL00200 - STRUCTURAL.rvt,628,20_VERTICAL CIRCULATION,TRUE
P:\19\1903020.000\Design\BIM\_Revit\1.0 Project Files\NHR-BVN-MOD-ARC-TB2-00M-NL00200 - STRUCTURAL.rvt,629,30_INTERIOR,TRUE
P:\19\1903020.000\Design\BIM\_Revit\1.0 Project Files\NHR-BVN-MOD-ARC-TB2-00M-NL00200 - STRUCTURAL.rvt,630,40_FF&E,TRUE
P:\19\1903020.000\Design\BIM\_Revit\1.0 Project Files\NHR-BVN-MOD-ARC-TB2-00M-NL00200 - STRUCTURAL.rvt,631,50_SITE,TRUE
P:\19\1903020.000\Design\BIM\_Revit\1.0 Project Files\NHR-BVN-MOD-ARC-TB2-00M-NL00200 - STRUCTURAL.rvt,632,90_LINK_BVN_BUILDINGS,TRUE
P:\19\1903020.000\Design\BIM\_Revit\1.0 Project Files\NHR-BVN-MOD-ARC-TB2-00M-NL00200 - STRUCTURAL.rvt,633,90_LINK_BVN_EXISTING BUILDINGS,TRUE
P:\19\1903020.000\Design\BIM\_Revit\1.0 Project Files\NHR-BVN-MOD-ARC-TB2-00M-NL00200 - STRUCTURAL.rvt,634,90_LINK_BVN_FACADE,TRUE
P:\19\1903020.000\Design\BIM\_Revit\1.0 Project Files\NHR-BVN-MOD-ARC-TB2-00M-NL00200 - STRUCTURAL.rvt,635,90_LINK_BVN_LIBRARY,TRUE
P:\19\1903020.000\Design\BIM\_Revit\1.0 Project Files\NHR-BVN-MOD-ARC-TB2-00M-NL00200 - STRUCTURAL.rvt,636,90_LINK_BVN_MASTERPLAN,FALSE
P:\19\1903020.000\Design\BIM\_Revit\1.0 Project Files\NHR-BVN-MOD-ARC-TB2-00M-NL00200 - STRUCTURAL.rvt,637,90_LINK_BVN_REVIT_CAD,TRUE
P:\19\1903020.000\Design\BIM\_Revit\1.0 Project Files\NHR-BVN-MOD-ARC-TB2-00M-NL00200 - STRUCTURAL.rvt,638,90_LINK_BVN_SITE,TRUE
P:\19\1903020.000\Design\BIM\_Revit\1.0 Project Files\NHR-BVN-MOD-ARC-TB2-00M-NL00200 - STRUCTURAL.rvt,639,90_LINK_BVN_STRUCTURAL,TRUE
P:\19\1903020.000\Design\BIM\_Revit\1.0 Project Files\NHR-BVN-MOD-ARC-TB2-00M-NL00200 - STRUCTURAL.rvt,640,91_LINK_CONSULTANT_CIVIL,FALSE
P:\19\1903020.000\Design\BIM\_Revit\1.0 Project Files\NHR-BVN-MOD-ARC-TB2-00M-NL00200 - STRUCTURAL.rvt,641,91_LINK_CONSULTANT_DRY FIRE,FALSE
P:\19\1903020.000\Design\BIM\_Revit\1.0 Project Files\NHR-BVN-MOD-ARC-TB2-00M-NL00200 - STRUCTURAL.rvt,642,91_LINK_CONSULTANT_ELECTRICAL,FALSE
P:\19\1903020.000\Design\BIM\_Revit\1.0 Project Files\NHR-BVN-MOD-ARC-TB2-00M-NL00200 - STRUCTURAL.rvt,643,91_LINK_CONSULTANT_HYDRAULIC,FALSE
P:\19\1903020.000\Design\BIM\_Revit\1.0 Project Files\NHR-BVN-MOD-ARC-TB2-00M-NL00200 - STRUCTURAL.rvt,644,91_LINK_CONSULTANT_KITCHEN,FALSE
P:\19\1903020.000\Design\BIM\_Revit\1.0 Project Files\NHR-BVN-MOD-ARC-TB2-00M-NL00200 - STRUCTURAL.rvt,645,91_LINK_CONSULTANT_LANDSCAPE,FALSE
P:\19\1903020.000\Design\BIM\_Revit\1.0 Project Files\NHR-BVN-MOD-ARC-TB2-00M-NL00200 - STRUCTURAL.rvt,646,91_LINK_CONSULTANT_MECHANICAL,FALSE
P:\19\1903020.000\Design\BIM\_Revit\1.0 Project Files\NHR-BVN-MOD-ARC-TB2-00M-NL00200 - STRUCTURAL.rvt,647,91_LINK_CONSULTANT_MEDGAS,FALSE
P:\19\1903020.000\Design\BIM\_Revit\1.0 Project Files\NHR-BVN-MOD-ARC-TB2-00M-NL00200 - STRUCTURAL.rvt,648,91_LINK_CONSULTANT_PNEUMATIC_TUBE,FALSE
P:\19\1903020.000\Design\BIM\_Revit\1.0 Project Files\NHR-BVN-MOD-ARC-TB2-00M-NL00200 - STRUCTURAL.rvt,649,91_LINK_CONSULTANT_SIGNAGE,FALSE
P:\19\1903020.000\Design\BIM\_Revit\1.0 Project Files\NHR-BVN-MOD-ARC-TB2-00M-NL00200 - STRUCTURAL.rvt,650,91_LINK_CONSULTANT_STRUCTURAL,FALSE
P:\19\1903020.000\Design\BIM\_Revit\1.0 Project Files\NHR-BVN-MOD-ARC-TB2-00M-NL00200 - STRUCTURAL.rvt,651,91_LINK_CONSULTANT_WET FIRE,FALSE
P:\19\1903020.000\Design\BIM\_Revit\1.0 Project Files\NHR-BVN-MOD-ARC-TB2-00M-NL00200 - STRUCTURAL.rvt,652,00_FACADE,TRUE
P:\19\1903020.000\Design\BIM\_Revit\1.0 Project Files\NHR-BVN-MOD-ARC-TB2-00M-NL00200 - STRUCTURAL.rvt,1711,40_FF&E IN PROGRESS,TRUE
P:\19\1903020.000\Design\BIM\_Revit\1.0 Project Files\NHR-BVN-MOD-ARC-TB2-00M-NL00200 - STRUCTURAL.rvt,4508,70_SHAFT COORDINATION,TRUE
P:\19\1903020.000\Design\BIM\_Revit\1.0 Project Files\NHR-BVN-MOD-ARC-TB2-00M-NL00200 - STRUCTURAL.rvt,5104,90_LINK_BVN_STAGE_1_STRUCTURE AND FACADE,TRUE
P:\19\1903020.000\Design\BIM\_Revit\1.0 Project Files\NHR-BVN-MOD-ARC-TB2-00M-NL00200 - STRUCTURAL.rvt,7566,61_ENSCAPE_PROPS,TRUE
P:\19\1903020.000\Design\BIM\_Revit\1.0 Project Files\NHR-BVN-MOD-ARC-TB2-00M-NL00200 - STRUCTURAL.rvt,25754,31_INFILL FLOORS,TRUE
P:\19\1903020.000\Design\BIM\_Revit\1.0 Project Files\NHR-BVN-MOD-ARC-TB2-00M-NL00001 - TOWER TWO.rvt,0,99_LEVELS AND GRIDS,TRUE
P:\19\1903020.000\Design\BIM\_Revit\1.0 Project Files\NHR-BVN-MOD-ARC-TB2-00M-NL00001 - TOWER TWO.rvt,163,60_MASSING,TRUE
P:\19\1903020.000\Design\BIM\_Revit\1.0 Project Files\NHR-BVN-MOD-ARC-TB2-00M-NL00001 - TOWER TWO.rvt,627,10_STRUCTURE,TRUE
P:\19\1903020.000\Design\BIM\_Revit\1.0 Project Files\NHR-BVN-MOD-ARC-TB2-00M-NL00001 - TOWER TWO.rvt,628,20_VERTICAL CIRCULATION,TRUE
P:\19\1903020.000\Design\BIM\_Revit\1.0 Project Files\NHR-BVN-MOD-ARC-TB2-00M-NL00001 - TOWER TWO.rvt,629,30_INTERIOR,TRUE
P:\19\1903020.000\Design\BIM\_Revit\1.0 Project Files\NHR-BVN-MOD-ARC-TB2-00M-NL00001 - TOWER TWO.rvt,630,40_FF&E,TRUE
P:\19\1903020.000\Design\BIM\_Revit\1.0 Project Files\NHR-BVN-MOD-ARC-TB2-00M-NL00001 - TOWER TWO.rvt,631,50_SITE,TRUE
P:\19\1903020.000\Design\BIM\_Revit\1.0 Project Files\NHR-BVN-MOD-ARC-TB2-00M-NL00001 - TOWER TWO.rvt,632,90_LINK_BVN_BUILDINGS,TRUE
P:\19\1903020.000\Design\BIM\_Revit\1.0 Project Files\NHR-BVN-MOD-ARC-TB2-00M-NL00001 - TOWER TWO.rvt,633,90_LINK_BVN_EXISTING BUILDINGS,TRUE
P:\19\1903020.000\Design\BIM\_Revit\1.0 Project Files\NHR-BVN-MOD-ARC-TB2-00M-NL00001 - TOWER TWO.rvt,634,90_LINK_BVN_FACADE,TRUE
P:\19\1903020.000\Design\BIM\_Revit\1.0 Project Files\NHR-BVN-MOD-ARC-TB2-00M-NL00001 - TOWER TWO.rvt,635,90_LINK_BVN_LIBRARY,TRUE
P:\19\1903020.000\Design\BIM\_Revit\1.0 Project Files\NHR-BVN-MOD-ARC-TB2-00M-NL00001 - TOWER TWO.rvt,636,90_LINK_BVN_MASTERPLAN,FALSE
P:\19\1903020.000\Design\BIM\_Revit\1.0 Project Files\NHR-BVN-MOD-ARC-TB2-00M-NL00001 - TOWER TWO.rvt,637,90_LINK_BVN_REVIT_CAD,TRUE
P:\19\1903020.000\Design\BIM\_Revit\1.0 Project Files\NHR-BVN-MOD-ARC-TB2-00M-NL00001 - TOWER TWO.rvt,638,90_LINK_BVN_SITE,TRUE
P:\19\1903020.000\Design\BIM\_Revit\1.0 Project Files\NHR-BVN-MOD-ARC-TB2-00M-NL00001 - TOWER TWO.rvt,639,90_LINK_BVN_STRUCTURAL,TRUE
P:\19\1903020.000\Design\BIM\_Revit\1.0 Project Files\NHR-BVN-MOD-ARC-TB2-00M-NL00001 - TOWER TWO.rvt,640,91_LINK_CONSULTANT_CIVIL,FALSE
P:\19\1903020.000\Design\BIM\_Revit\1.0 Project Files\NHR-BVN-MOD-ARC-TB2-00M-NL00001 - TOWER TWO.rvt,641,91_LINK_CONSULTANT_DRY FIRE,FALSE
P:\19\1903020.000\Design\BIM\_Revit\1.0 Project Files\NHR-BVN-MOD-ARC-TB2-00M-NL00001 - TOWER TWO.rvt,642,91_LINK_CONSULTANT_ELECTRICAL,FALSE
P:\19\1903020.000\Design\BIM\_Revit\1.0 Project Files\NHR-BVN-MOD-ARC-TB2-00M-NL00001 - TOWER TWO.rvt,643,91_LINK_CONSULTANT_HYDRAULIC,FALSE
P:\19\1903020.000\Design\BIM\_Revit\1.0 Project Files\NHR-BVN-MOD-ARC-TB2-00M-NL00001 - TOWER TWO.rvt,644,91_LINK_CONSULTANT_KITCHEN,FALSE
P:\19\1903020.000\Design\BIM\_Revit\1.0 Project Files\NHR-BVN-MOD-ARC-TB2-00M-NL00001 - TOWER TWO.rvt,645,91_LINK_CONSULTANT_LANDSCAPE,FALSE
P:\19\1903020.000\Design\BIM\_Revit\1.0 Project Files\NHR-BVN-MOD-ARC-TB2-00M-NL00001 - TOWER TWO.rvt,646,91_LINK_CONSULTANT_MECHANICAL,FALSE
P:\19\1903020.000\Design\BIM\_Revit\1.0 Project Files\NHR-BVN-MOD-ARC-TB2-00M-NL00001 - TOWER TWO.rvt,647,91_LINK_CONSULTANT_MEDGAS,FALSE
P:\19\1903020.000\Design\BIM\_Revit\1.0 Project Files\NHR-BVN-MOD-ARC-TB2-00M-NL00001 - TOWER TWO.rvt,648,91_LINK_CONSULTANT_PNEUMATIC_TUBE,FALSE
P:\19\1903020.000\Design\BIM\_Revit\1.0 Project Files\NHR-BVN-MOD-ARC-TB2-00M-NL00001 - TOWER TWO.rvt,649,91_LINK_CONSULTANT_SIGNAGE,FALSE
P:\19\1903020.000\Design\BIM\_Revit\1.0 Project Files\NHR-BVN-MOD-ARC-TB2-00M-NL00001 - TOWER TWO.rvt,650,91_LINK_CONSULTANT_STRUCTURAL,FALSE
P:\19\1903020.000\Design\BIM\_Revit\1.0 Project Files\NHR-BVN-MOD-ARC-TB2-00M-NL00001 - TOWER TWO.rvt,651,91_LINK_CONSULTANT_WET FIRE,FALSE
P:\19\1903020.000\Design\BIM\_Revit\1.0 Project Files\NHR-BVN-MOD-ARC-TB2-00M-NL00001 - TOWER TWO.rvt,652,00_FACADE,TRUE
P:\19\1903020.000\Design\BIM\_Revit\1.0 Project Files\NHR-BVN-MOD-ARC-TB2-00M-NL00001 - TOWER TWO.rvt,1711,40_FF&E IN PROGRESS,TRUE
P:\19\1903020.000\Design\BIM\_Revit\1.0 Project Files\NHR-BVN-MOD-ARC-TB2-00M-NL00001 - TOWER TWO.rvt,4508,70_SHAFT COORDINATION,TRUE
P:\19\1903020.000\Design\BIM\_Revit\1.0 Project Files\NHR-BVN-MOD-ARC-TB2-00M-NL00001 - TOWER TWO.rvt,5104,90_LINK_BVN_STAGE_1_STRUCTURE AND FACADE,TRUE
P:\19\1903020.000\Design\BIM\_Revit\1.0 Project Files\NHR-BVN-MOD-ARC-TB2-00M-NL00001 - TOWER TWO.rvt,7566,61_ENSCAPE_PROPS,TRUE
P:\19\1903020.000\Design\BIM\_Revit\1.0 Project Files\NHR-BVN-MOD-ARC-TB2-00M-NL00001 - TOWER TWO.rvt,25754,31_INFILL FLOORS,TRUE
P:\19\1903020.000\Design\BIM\_Revit\1.0 Project Files\NHR-BVN-MOD-ARC-EBL-00M-NL00001 - EASTBLOCK.rvt,0,99_LEVELS AND GRIDS,TRUE
P:\19\1903020.000\Design\BIM\_Revit\1.0 Project Files\NHR-BVN-MOD-ARC-EBL-00M-NL00001 - EASTBLOCK.rvt,163,60_MASSING,TRUE
P:\19\1903020.000\Design\BIM\_Revit\1.0 Project Files\NHR-BVN-MOD-ARC-EBL-00M-NL00001 - EASTBLOCK.rvt,627,10_STRUCTURE,TRUE
P:\19\1903020.000\Design\BIM\_Revit\1.0 Project Files\NHR-BVN-MOD-ARC-EBL-00M-NL00001 - EASTBLOCK.rvt,628,20_VERTICAL CIRCULATION,TRUE
P:\19\1903020.000\Design\BIM\_Revit\1.0 Project Files\NHR-BVN-MOD-ARC-EBL-00M-NL00001 - EASTBLOCK.rvt,629,30_INTERIOR,TRUE
P:\19\1903020.000\Design\BIM\_Revit\1.0 Project Files\NHR-BVN-MOD-ARC-EBL-00M-NL00001 - EASTBLOCK.rvt,630,40_FF&E,TRUE
P:\19\1903020.000\Design\BIM\_Revit\1.0 Project Files\NHR-BVN-MOD-ARC-EBL-00M-NL00001 - EASTBLOCK.rvt,631,50_SITE,TRUE
P:\19\1903020.000\Design\BIM\_Revit\1.0 Project Files\NHR-BVN-MOD-ARC-EBL-00M-NL00001 - EASTBLOCK.rvt,632,90_LINK_BVN_BUILDINGS,TRUE
P:\19\1903020.000\Design\BIM\_Revit\1.0 Project Files\NHR-BVN-MOD-ARC-EBL-00M-NL00001 - EASTBLOCK.rvt,633,90_LINK_BVN_EXISTING BUILDINGS,TRUE
P:\19\1903020.000\Design\BIM\_Revit\1.0 Project Files\NHR-BVN-MOD-ARC-EBL-00M-NL00001 - EASTBLOCK.rvt,634,90_LINK_BVN_FACADE,TRUE
P:\19\1903020.000\Design\BIM\_Revit\1.0 Project Files\NHR-BVN-MOD-ARC-EBL-00M-NL00001 - EASTBLOCK.rvt,635,90_LINK_BVN_LIBRARY,FALSE
P:\19\1903020.000\Design\BIM\_Revit\1.0 Project Files\NHR-BVN-MOD-ARC-EBL-00M-NL00001 - EASTBLOCK.rvt,636,90_LINK_BVN_MASTERPLAN,FALSE
P:\19\1903020.000\Design\BIM\_Revit\1.0 Project Files\NHR-BVN-MOD-ARC-EBL-00M-NL00001 - EASTBLOCK.rvt,637,90_LINK_BVN_REVIT_CAD,FALSE
P:\19\1903020.000\Design\BIM\_Revit\1.0 Project Files\NHR-BVN-MOD-ARC-EBL-00M-NL00001 - EASTBLOCK.rvt,638,90_LINK_BVN_SITE,TRUE
P:\19\1903020.000\Design\BIM\_Revit\1.0 Project Files\NHR-BVN-MOD-ARC-EBL-00M-NL00001 - EASTBLOCK.rvt,639,90_LINK_BVN_STRUCTURAL,TRUE
P:\19\1903020.000\Design\BIM\_Revit\1.0 Project Files\NHR-BVN-MOD-ARC-EBL-00M-NL00001 - EASTBLOCK.rvt,640,91_LINK_CONSULTANT_CIVIL,FALSE
P:\19\1903020.000\Design\BIM\_Revit\1.0 Project Files\NHR-BVN-MOD-ARC-EBL-00M-NL00001 - EASTBLOCK.rvt,641,91_LINK_CONSULTANT_DRY FIRE,FALSE
P:\19\1903020.000\Design\BIM\_Revit\1.0 Project Files\NHR-BVN-MOD-ARC-EBL-00M-NL00001 - EASTBLOCK.rvt,642,91_LINK_CONSULTANT_ELECTRICAL,FALSE
P:\19\1903020.000\Design\BIM\_Revit\1.0 Project Files\NHR-BVN-MOD-ARC-EBL-00M-NL00001 - EASTBLOCK.rvt,643,91_LINK_CONSULTANT_HYDRAULIC,FALSE
P:\19\1903020.000\Design\BIM\_Revit\1.0 Project Files\NHR-BVN-MOD-ARC-EBL-00M-NL00001 - EASTBLOCK.rvt,644,91_LINK_CONSULTANT_KITCHEN,FALSE
P:\19\1903020.000\Design\BIM\_Revit\1.0 Project Files\NHR-BVN-MOD-ARC-EBL-00M-NL00001 - EASTBLOCK.rvt,645,91_LINK_CONSULTANT_LANDSCAPE,FALSE
P:\19\1903020.000\Design\BIM\_Revit\1.0 Project Files\NHR-BVN-MOD-ARC-EBL-00M-NL00001 - EASTBLOCK.rvt,646,91_LINK_CONSULTANT_MECHANICAL,FALSE
P:\19\1903020.000\Design\BIM\_Revit\1.0 Project Files\NHR-BVN-MOD-ARC-EBL-00M-NL00001 - EASTBLOCK.rvt,647,91_LINK_CONSULTANT_MEDGAS,FALSE
P:\19\1903020.000\Design\BIM\_Revit\1.0 Project Files\NHR-BVN-MOD-ARC-EBL-00M-NL00001 - EASTBLOCK.rvt,648,91_LINK_CONSULTANT_PNEUMATIC_TUBE,FALSE
P:\19\1903020.000\Design\BIM\_Revit\1.0 Project Files\NHR-BVN-MOD-ARC-EBL-00M-NL00001 - EASTBLOCK.rvt,649,91_LINK_CONSULTANT_SIGNAGE,FALSE
P:\19\1903020.000\Design\BIM\_Revit\1.0 Project Files\NHR-BVN-MOD-ARC-EBL-00M-NL00001 - EASTBLOCK.rvt,650,91_LINK_CONSULTANT_STRUCTURAL,FALSE
P:\19\1903020.000\Design\BIM\_Revit\1.0 Project Files\NHR-BVN-MOD-ARC-EBL-00M-NL00001 - EASTBLOCK.rvt,651,91_LINK_CONSULTANT_WET FIRE,FALSE
P:\19\1903020.000\Design\BIM\_Revit\1.0 Project Files\NHR-BVN-MOD-ARC-EBL-00M-NL00001 - EASTBLOCK.rvt,652,00_FACADE,TRUE
P:\19\1903020.000\Design\BIM\_Revit\1.0 Project Files\NHR-BVN-MOD-ARC-EBL-00M-NL00001 - EASTBLOCK.rvt,762,91_LINK_CONSULTANT_SURVEY,TRUE
P:\19\1903020.000\Design\BIM\_Revit\1.0 Project Files\NHR-BVN-MOD-ARC-EBL-00M-NL00001 - EASTBLOCK.rvt,1339,70_EXISTING SURVEY,TRUE
P:\19\1903020.000\Design\BIM\_Revit\1.0 Project Files\NHR-BVN-MOD-ARC-EBL-00M-NL00001 - EASTBLOCK.rvt,1927,40_FF&E IN PROGRESS,TRUE
P:\19\1903020.000\Design\BIM\_Revit\1.0 Project Files\NHR-BVN-MOD-ARC-EBL-00M-NL00001 - EASTBLOCK.rvt,3454,90_LINK_BVN_EASTBLOCk_REFERENCE,TRUE
P:\19\1903020.000\Design\BIM\_Revit\1.0 Project Files\NHR-BVN-MOD-ARC-EBL-00M-NL00001 - EASTBLOCK.rvt,3517,00_FACADE_EXISTING,TRUE
P:\19\1903020.000\Design\BIM\_Revit\1.0 Project Files\NHR-BVN-MOD-ARC-GEN-00M-NL00101 - GENERIC ROOMS STAGE TWO.rvt,0,60_MASSING,TRUE
P:\19\1903020.000\Design\BIM\_Revit\1.0 Project Files\NHR-BVN-MOD-ARC-GEN-00M-NL00101 - GENERIC ROOMS STAGE TWO.rvt,160,99_LEVELS AND GRIDS,TRUE
P:\19\1903020.000\Design\BIM\_Revit\1.0 Project Files\NHR-BVN-MOD-ARC-GEN-00M-NL00101 - GENERIC ROOMS STAGE TWO.rvt,596,30_INTERIOR,TRUE
P:\19\1903020.000\Design\BIM\_Revit\1.0 Project Files\NHR-BVN-MOD-ARC-GEN-00M-NL00101 - GENERIC ROOMS STAGE TWO.rvt,597,40_FF&E,TRUE
P:\19\1903020.000\Design\BIM\_Revit\1.0 Project Files\NHR-BVN-MOD-ARC-GEN-00M-NL00101 - GENERIC ROOMS STAGE TWO.rvt,3006,20_ANNOTATION,TRUE
P:\19\1903020.000\Design\BIM\_Revit\1.0 Project Files\NHR-BVN-MOD-ARC-GEN-00M-NL00010 - MASTERPLAN.rvt,0,10_Masterplan EX,TRUE
P:\19\1903020.000\Design\BIM\_Revit\1.0 Project Files\NHR-BVN-MOD-ARC-GEN-00M-NL00010 - MASTERPLAN.rvt,157,00_Shared Levels and Grids,TRUE
P:\19\1903020.000\Design\BIM\_Revit\1.0 Project Files\NHR-BVN-MOD-ARC-GEN-00M-NL00010 - MASTERPLAN.rvt,600,91_Link_DWGs,TRUE
P:\19\1903020.000\Design\BIM\_Revit\1.0 Project Files\NHR-BVN-MOD-ARC-GEN-00M-NL00010 - MASTERPLAN.rvt,601,91_Link_Site,TRUE
P:\19\1903020.000\Design\BIM\_Revit\1.0 Project Files\NHR-BVN-MOD-ARC-GEN-00M-NL00010 - MASTERPLAN.rvt,657,91_Link_Carpark,TRUE
P:\19\1903020.000\Design\BIM\_Revit\1.0 Project Files\NHR-BVN-MOD-ARC-GEN-00M-NL00010 - MASTERPLAN.rvt,2275,00_EX Shared Levels,TRUE
P:\19\1903020.000\Design\BIM\_Revit\1.0 Project Files\NHR-BVN-MOD-ARC-GEN-00M-NL00010 - MASTERPLAN.rvt,2278,13_Masterplan New,TRUE
P:\19\1903020.000\Design\BIM\_Revit\1.0 Project Files\NHR-BVN-MOD-ARC-GEN-00M-NL00010 - MASTERPLAN.rvt,2328,00_Scopebox,TRUE
P:\19\1903020.000\Design\BIM\_Revit\1.0 Project Files\NHR-BVN-MOD-ARC-GEN-00M-NL00010 - MASTERPLAN.rvt,2807,11_Masterplan Demo,TRUE
P:\19\1903020.000\Design\BIM\_Revit\1.0 Project Files\NHR-BVN-MOD-ARC-GEN-00M-NL00010 - MASTERPLAN.rvt,2808,12_Masterplan Refurb,TRUE
P:\19\1903020.000\Design\BIM\_Revit\1.0 Project Files\NHR-BVN-MOD-ARC-GEN-00M-NL00010 - MASTERPLAN.rvt,3060,18_Mass Existing Services,TRUE
P:\19\1903020.000\Design\BIM\_Revit\1.0 Project Files\NHR-BVN-MOD-ARC-GEN-00M-NL00010 - MASTERPLAN.rvt,3065,14_Masterplan EX Stage 2,TRUE
P:\19\1903020.000\Design\BIM\_Revit\1.0 Project Files\NHR-BVN-MOD-ARC-GEN-00M-NL00010 - MASTERPLAN.rvt,3066,15_Masterplan Demo Stage 2,TRUE
P:\19\1903020.000\Design\BIM\_Revit\1.0 Project Files\NHR-BVN-MOD-ARC-GEN-00M-NL00010 - MASTERPLAN.rvt,3067,16_Masterplan Refurb Stage 2,TRUE
P:\19\1903020.000\Design\BIM\_Revit\1.0 Project Files\NHR-BVN-MOD-ARC-GEN-00M-NL00010 - MASTERPLAN.rvt,3633,91_Link Main Entry,TRUE
P:\19\1903020.000\Design\BIM\_Revit\1.0 Project Files\NHR-BVN-MOD-ARC-GEN-00M-NL00010 - MASTERPLAN.rvt,3698,FOH ref,TRUE
P:\19\1903020.000\Design\BIM\_Revit\1.0 Project Files\NHR-BVN-MOD-ARC-GEN-00M-NL00010 - MASTERPLAN.rvt,3822,91_Link_New Build,TRUE
P:\19\1903020.000\Design\BIM\_Revit\1.0 Project Files\NHR-BVN-MOD-ARC-GEN-00M-NL00010 - MASTERPLAN.rvt,4277,Mass Carpark,TRUE
P:\19\1903020.000\Design\BIM\_Revit\1.0 Project Files\NHR-BVN-MOD-ARC-GEN-00M-NL00010 - MASTERPLAN.rvt,4278,Level 03 Link,FALSE
P:\19\1903020.000\Design\BIM\_Revit\1.0 Project Files\NHR-BVN-MOD-ARC-GEN-00M-NL00010 - MASTERPLAN.rvt,4597,91_Link Cancer Centre,TRUE
P:\19\1903020.000\Design\BIM\_Revit\1.0 Project Files\NHR-BVN-MOD-ARC-GEN-00M-NL00010 - MASTERPLAN.rvt,4598,91_Link Demountable,TRUE
P:\19\1903020.000\Design\BIM\_Revit\1.0 Project Files\NHR-BVN-MOD-ARC-GEN-00M-NL00010 - MASTERPLAN.rvt,4712,50_SITE,TRUE
P:\19\1903020.000\Design\BIM\_Revit\1.0 Project Files\NHR-BVN-MOD-ARC-GEN-00M-NL00010 - MASTERPLAN.rvt,4740,Cancer centre,TRUE
P:\19\1903020.000\Design\BIM\_Revit\1.0 Project Files\NHR-BVN-MOD-ARC-GEN-00M-NL00010 - MASTERPLAN.rvt,4750,East block,TRUE
P:\19\1903020.000\Design\BIM\_Revit\1.0 Project Files\NHR-BVN-MOD-ARC-GEN-00M-NL00010 - MASTERPLAN.rvt,4751,North block,TRUE
P:\19\1903020.000\Design\BIM\_Revit\1.0 Project Files\NHR-BVN-MOD-ARC-GEN-00M-NL00010 - MASTERPLAN.rvt,4752,Drug&Alchool-Tresillian,TRUE
P:\19\1903020.000\Design\BIM\_Revit\1.0 Project Files\NHR-BVN-MOD-ARC-GEN-00M-NL00010 - MASTERPLAN.rvt,4965,91_Link_BVN_Structure,TRUE
